,Surrogate Keys,Country,Product,Units Sold,Revenue per cookie,Cost per cookie,Date,Month,Year,Revenue,Cost,Profit,Population,total_cases
0,1,Canada,Chocolate Chip,292,5.0,2.0,2019-01-02,2,2022,1460.0,584.0,876.0,40528396,3016024.0
1,2,Mexico, Chocolate Chip ,974,5.0,2.0,2019-01-02,2,2022,4870.0,1948.0,2922.0,129406736,5350028.0
2,3,Canada, Chocolate Chip ,2518,5.0,2.0,2019-01-06,6,2022,12590.0,5036.0,7554.0,40528396,3862713.0
3,4,Germany, Chocolate Chip ,1006,5.0,2.0,2019-01-06,6,2022,5030.0,2012.0,3018.0,84607016,26313049.0
4,5,Germany, Chocolate Chip ,367,5.0,2.0,2019-01-07,7,2022,1835.0,734.0,1101.0,84607016,27877640.0
5,6,Mexico, Chocolate Chip ,883,5.0,2.0,2019-01-08,8,2022,4415.0,1766.0,2649.0,129406736,6881192.0
6,7,France, Chocolate Chip ,549,5.0,2.0,2018-01-09,9,2021,2745.0,1098.0,1647.0,68373000,6379634.0
7,8,Mexico, Chocolate Chip ,788,5.0,2.0,2018-01-09,9,2021,3940.0,1576.0,2364.0,129406736,3411959.0
8,9,Mexico, Chocolate Chip ,2472,5.0,2.0,2019-01-09,9,2022,12360.0,4944.0,7416.0,129406736,7071309.0
9,10,United States, Chocolate Chip ,1143,5.0,2.0,2019-01-10,10,2022,5715.0,2286.0,3429.0,335893238,94783304.0
10,11,Canada, Chocolate Chip ,1725,5.0,2.0,2018-01-11,11,2021,8625.0,3450.0,5175.0,40528396,1712128.0
11,12,United States, Chocolate Chip ,912,5.0,2.0,2018-01-11,11,2021,4560.0,1824.0,2736.0,335893238,45639685.0
12,13,Canada, Chocolate Chip ,2152,5.0,2.0,2018-01-12,12,2021,10760.0,4304.0,6456.0,40528396,1782171.0
13,14,Canada, Chocolate Chip ,1817,5.0,2.0,2019-01-12,12,2022,9085.0,3634.0,5451.0,40528396,4411019.0
14,15,Germany, Chocolate Chip ,1513,5.0,2.0,2019-01-12,12,2022,7565.0,3026.0,4539.0,84607016,36403907.0
15,16,France, Chocolate Chip ,3945,5.0,2.0,2019-01-01,1,2022,19725.0,7890.0,11835.0,68373000,8709926.0
16,17,France, Chocolate Chip ,2296,5.0,2.0,2019-01-02,2,2022,11480.0,4592.0,6888.0,68373000,18285196.0
17,18,France, Chocolate Chip ,1030,5.0,2.0,2019-01-05,5,2022,5150.0,2060.0,3090.0,68373000,27742592.0
18,19,United States, Chocolate Chip ,1514,5.0,2.0,2019-01-02,2,2022,7570.0,3028.0,4542.0,335893238,73756878.0
19,20,United States, Chocolate Chip ,4492,5.0,2.0,2019-01-04,4,2022,22460.0,8984.0,13476.0,335893238,79303178.0
20,21,United States, Chocolate Chip ,727,5.0,2.0,2019-01-06,6,2022,3635.0,1454.0,2181.0,335893238,83171871.0
21,22,France, Chocolate Chip ,787,5.0,2.0,2019-01-06,6,2022,3935.0,1574.0,2361.0,68373000,28499829.0
22,23,Mexico, Chocolate Chip ,1823,5.0,2.0,2019-01-07,7,2022,9115.0,3646.0,5469.0,129406736,6012724.0
23,24,Germany, Chocolate Chip ,747,5.0,2.0,2019-01-09,9,2022,3735.0,1494.0,2241.0,84607016,32080339.0
24,25,Germany, Chocolate Chip ,766,5.0,2.0,2018-01-10,10,2021,3830.0,1532.0,2298.0,84607016,4202003.0
25,26,United States, Chocolate Chip ,2905,5.0,2.0,2019-01-11,11,2022,14525.0,5810.0,8715.0,335893238,96175292.0
26,27,France, Chocolate Chip ,2155,5.0,2.0,2019-01-12,12,2022,10775.0,4310.0,6465.0,68373000,36484764.0
27,28,Canada, Chocolate Chip ,2363,5.0,2.0,2019-01-02,2,2022,11815.0,4726.0,7089.0,40528396,3016024.0
28,29,France, Chocolate Chip ,918,5.0,2.0,2019-01-05,5,2022,4590.0,1836.0,2754.0,68373000,27742592.0
29,30,Germany, Chocolate Chip ,1728,5.0,2.0,2019-01-05,5,2022,8640.0,3456.0,5184.0,84607016,24953200.0
30,31,United States, Chocolate Chip ,1142,5.0,2.0,2019-01-06,6,2022,5710.0,2284.0,3426.0,335893238,83171871.0
31,32,Mexico, Chocolate Chip ,662,5.0,2.0,2019-01-06,6,2022,3310.0,1324.0,1986.0,129406736,5806224.0
32,33,Canada, Chocolate Chip ,1295,5.0,2.0,2019-01-10,10,2022,6475.0,2590.0,3885.0,40528396,4240286.0
33,34,Germany, Chocolate Chip ,809,5.0,2.0,2018-01-10,10,2021,4045.0,1618.0,2427.0,84607016,4202003.0
34,35,Mexico, Chocolate Chip ,2145,5.0,2.0,2018-01-10,10,2021,10725.0,4290.0,6435.0,129406736,3692414.0
35,36,France, Chocolate Chip ,1785,5.0,2.0,2018-01-11,11,2021,8925.0,3570.0,5355.0,68373000,6774109.0
36,37,Canada, Chocolate Chip ,1916,5.0,2.0,2019-01-12,12,2022,9580.0,3832.0,5748.0,40528396,4411019.0
37,38,Canada, Chocolate Chip ,2852,5.0,2.0,2019-01-12,12,2022,14260.0,5704.0,8556.0,40528396,4411019.0
38,39,Canada, Chocolate Chip ,2729,5.0,2.0,2019-01-12,12,2022,13645.0,5458.0,8187.0,40528396,4411019.0
39,40,United States, Chocolate Chip ,1925,5.0,2.0,2018-01-12,12,2021,9625.0,3850.0,5775.0,335893238,47976346.0
40,41,United States, Chocolate Chip ,2013,5.0,2.0,2018-01-12,12,2021,10065.0,4026.0,6039.0,335893238,47976346.0
41,42,France, Chocolate Chip ,1055,5.0,2.0,2019-01-12,12,2022,5275.0,2110.0,3165.0,68373000,36484764.0
42,43,Mexico, Chocolate Chip ,1084,5.0,2.0,2019-01-12,12,2022,5420.0,2168.0,3252.0,129406736,7152968.0
43,44,France, Chocolate Chip ,2434,5.0,2.0,2019-01-01,1,2022,12170.0,4868.0,7302.0,68373000,8709926.0
44,45,Canada, Chocolate Chip ,1774,5.0,2.0,2019-01-03,3,2022,8870.0,3548.0,5322.0,40528396,3276987.0
45,46,France, Chocolate Chip ,1901,5.0,2.0,2019-01-06,6,2022,9505.0,3802.0,5703.0,68373000,28499829.0
46,47,Germany, Chocolate Chip ,689,5.0,2.0,2019-01-06,6,2022,3445.0,1378.0,2067.0,84607016,26313049.0
47,48,Germany, Chocolate Chip ,1570,5.0,2.0,2019-01-06,6,2022,7850.0,3140.0,4710.0,84607016,26313049.0
48,49,United States, Chocolate Chip ,1369,5.0,2.0,2019-01-07,7,2022,6845.0,2738.0,4107.0,335893238,85970435.0
49,50,Canada, Chocolate Chip ,2009,5.0,2.0,2019-01-10,10,2022,10045.0,4018.0,6027.0,40528396,4240286.0
50,51,Germany, Chocolate Chip ,1945,5.0,2.0,2018-01-10,10,2021,9725.0,3890.0,5835.0,84607016,4202003.0
51,52,France, Chocolate Chip ,1287,5.0,2.0,2019-01-12,12,2022,6435.0,2574.0,3861.0,68373000,36484764.0
52,53,Germany, Chocolate Chip ,1706,5.0,2.0,2019-01-12,12,2022,8530.0,3412.0,5118.0,84607016,36403907.0
53,54,Mexico, Chocolate Chip ,1760,5.0,2.0,2018-01-09,9,2021,8800.0,3520.0,5280.0,129406736,3411959.0
54,55,Mexico, Chocolate Chip ,2031,5.0,2.0,2019-01-10,10,2022,10155.0,4062.0,6093.0,129406736,7115139.0
55,56,France, Chocolate Chip ,2261,5.0,2.0,2018-01-12,12,2021,11305.0,4522.0,6783.0,68373000,7203450.0
56,57,Canada, Chocolate Chip ,4251,5.0,2.0,2019-01-01,1,2022,21255.0,8502.0,12753.0,40528396,1961723.0
57,58,Germany, Chocolate Chip ,795,5.0,2.0,2019-01-03,3,2022,3975.0,1590.0,2385.0,84607016,14846861.0
58,59,Germany, Chocolate Chip ,1414,5.0,2.0,2019-01-04,4,2022,7070.0,2828.0,4242.0,84607016,20566111.0
59,60,United States, Chocolate Chip ,2918,5.0,2.0,2019-01-05,5,2022,14590.0,5836.0,8754.0,335893238,80626043.0
60,61,United States, Chocolate Chip ,3450,5.0,2.0,2019-01-07,7,2022,17250.0,6900.0,10350.0,335893238,85970435.0
61,62,France, Chocolate Chip ,2988,5.0,2.0,2019-01-07,7,2022,14940.0,5976.0,8964.0,68373000,29596347.0
62,63,Canada, Chocolate Chip ,218,5.0,2.0,2019-01-09,9,2022,1090.0,436.0,654.0,40528396,4166438.0
63,64,Canada, Chocolate Chip ,2074,5.0,2.0,2019-01-09,9,2022,10370.0,4148.0,6222.0,40528396,4166438.0
64,65,United States, Chocolate Chip ,1056,5.0,2.0,2019-01-09,9,2022,5280.0,2112.0,3168.0,335893238,92977806.0
65,66,United States, Chocolate Chip ,671,5.0,2.0,2018-01-10,10,2021,3355.0,1342.0,2013.0,335893238,42585047.0
66,67,Mexico, Chocolate Chip ,1514,5.0,2.0,2018-01-10,10,2021,7570.0,3028.0,4542.0,129406736,3692414.0
67,68,United States, Chocolate Chip ,274,5.0,2.0,2019-01-12,12,2022,1370.0,548.0,822.0,335893238,97300648.0
68,69,Mexico, Chocolate Chip ,1138,5.0,2.0,2019-01-12,12,2022,5690.0,2276.0,3414.0,129406736,7152968.0
69,70,Germany, Chocolate Chip ,1372,5.0,2.0,2019-01-01,1,2022,6860.0,2744.0,4116.0,84607016,7014043.0
70,71,Canada, Chocolate Chip ,2349,5.0,2.0,2018-01-09,9,2021,11745.0,4698.0,7047.0,40528396,1486436.0
71,72,Mexico, Chocolate Chip ,2689,5.0,2.0,2019-01-10,10,2022,13445.0,5378.0,8067.0,129406736,7115139.0
72,73,Canada, Chocolate Chip ,2431,5.0,2.0,2019-01-12,12,2022,12155.0,4862.0,7293.0,40528396,4411019.0
73,74,France, Chocolate Chip ,1303,5.0,2.0,2019-01-02,2,2022,6515.0,2606.0,3909.0,68373000,18285196.0
74,75,United States, Chocolate Chip ,2992,5.0,2.0,2019-01-03,3,2022,14960.0,5984.0,8976.0,335893238,78334128.0
75,76,France, Chocolate Chip ,2385,5.0,2.0,2019-01-03,3,2022,11925.0,4770.0,7155.0,68373000,21910919.0
76,77,Mexico, Chocolate Chip ,1607,5.0,2.0,2019-01-04,4,2022,8035.0,3214.0,4821.0,129406736,5754230.0
77,78,United States, Chocolate Chip ,2327,5.0,2.0,2019-01-05,5,2022,11635.0,4654.0,6981.0,335893238,80626043.0
78,79,United States, Chocolate Chip ,991,5.0,2.0,2019-01-06,6,2022,4955.0,1982.0,2973.0,335893238,83171871.0
79,80,United States, Chocolate Chip ,602,5.0,2.0,2019-01-06,6,2022,3010.0,1204.0,1806.0,335893238,83171871.0
80,81,France, Chocolate Chip ,2620,5.0,2.0,2019-01-09,9,2022,13100.0,5240.0,7860.0,68373000,33367049.0
81,82,Canada, Chocolate Chip ,1228,5.0,2.0,2018-01-10,10,2021,6140.0,2456.0,3684.0,40528396,1598807.0
82,83,Canada, Chocolate Chip ,1389,5.0,2.0,2018-01-10,10,2021,6945.0,2778.0,4167.0,40528396,1598807.0
83,84,United States, Chocolate Chip ,861,5.0,2.0,2019-01-10,10,2022,4305.0,1722.0,2583.0,335893238,94783304.0
84,85,France, Chocolate Chip ,704,5.0,2.0,2018-01-10,10,2021,3520.0,1408.0,2112.0,68373000,6613086.0
85,86,Canada, Chocolate Chip ,1802,5.0,2.0,2018-01-12,12,2021,9010.0,3604.0,5406.0,40528396,1782171.0
86,87,United States, Chocolate Chip ,2663,5.0,2.0,2019-01-12,12,2022,13315.0,5326.0,7989.0,335893238,97300648.0
87,88,France, Chocolate Chip ,2136,5.0,2.0,2018-01-12,12,2021,10680.0,4272.0,6408.0,68373000,7203450.0
88,89,Germany, Chocolate Chip ,2116,5.0,2.0,2018-01-12,12,2021,10580.0,4232.0,6348.0,84607016,5820646.0
89,90,France, Chocolate Chip ,3801,5.0,2.0,2019-01-04,4,2022,19005.0,7602.0,11403.0,68373000,24116752.0
90,91,France, Chocolate Chip ,1496,5.0,2.0,2019-01-06,6,2022,7480.0,2992.0,4488.0,68373000,28499829.0
91,92,Canada, Chocolate Chip ,2299,5.0,2.0,2018-01-10,10,2021,11495.0,4598.0,6897.0,40528396,1598807.0
92,93,United States, Chocolate Chip ,727,5.0,2.0,2018-01-10,10,2021,3635.0,1454.0,2181.0,335893238,42585047.0
93,94,United States, Chocolate Chip ,2198,5.0,2.0,2019-01-08,8,2022,10990.0,4396.0,6594.0,335893238,90232883.0
94,95,Germany, Chocolate Chip ,1743,5.0,2.0,2019-01-08,8,2022,8715.0,3486.0,5229.0,84607016,30927803.0
95,96,United States, Chocolate Chip ,1153,5.0,2.0,2019-01-10,10,2022,5765.0,2306.0,3459.0,335893238,94783304.0
96,97,France, Chocolate Chip ,1757,5.0,2.0,2018-01-10,10,2021,8785.0,3514.0,5271.0,68373000,6613086.0
97,98,France, Chocolate Chip ,1031,5.0,2.0,2018-01-09,9,2021,5155.0,2062.0,3093.0,68373000,6379634.0
98,99,Canada, Chocolate Chip ,1702,5.0,2.0,2019-01-05,5,2022,8510.0,3404.0,5106.0,40528396,3745771.0
99,100,France, Chocolate Chip ,448,5.0,2.0,2019-01-06,6,2022,2240.0,896.0,1344.0,68373000,28499829.0
100,101,Germany, Chocolate Chip ,3513,5.0,2.0,2019-01-07,7,2022,17565.0,7026.0,10539.0,84607016,27877640.0
101,102,France, Chocolate Chip ,2101,5.0,2.0,2019-01-08,8,2022,10505.0,4202.0,6303.0,68373000,32767413.0
102,103,United States, Chocolate Chip ,2931,5.0,2.0,2018-01-09,9,2021,14655.0,5862.0,8793.0,335893238,38528478.0
103,104,France, Chocolate Chip ,1535,5.0,2.0,2019-01-09,9,2022,7675.0,3070.0,4605.0,68373000,33367049.0
104,105,Germany, Chocolate Chip ,1123,5.0,2.0,2018-01-09,9,2021,5615.0,2246.0,3369.0,84607016,3940516.0
105,106,Canada, Chocolate Chip ,1404,5.0,2.0,2018-01-11,11,2021,7020.0,2808.0,4212.0,40528396,1712128.0
106,107,Mexico, Chocolate Chip ,2763,5.0,2.0,2018-01-11,11,2021,13815.0,5526.0,8289.0,129406736,3853632.0
107,108,Germany, Chocolate Chip ,2125,5.0,2.0,2018-01-12,12,2021,10625.0,4250.0,6375.0,84607016,5820646.0
108,109,Canada, Chocolate Chip ,257,5.0,2.0,2019-01-05,5,2022,1285.0,514.0,771.0,40528396,3745771.0
109,110,Mexico, Chocolate Chip ,1114,5.0,2.0,2019-01-03,3,2022,5570.0,2228.0,3342.0,129406736,5701804.0
110,111,Germany, Chocolate Chip ,1259,5.0,2.0,2019-01-04,4,2022,6295.0,2518.0,3777.0,84607016,20566111.0
111,112,Germany, Chocolate Chip ,1095,5.0,2.0,2019-01-05,5,2022,5475.0,2190.0,3285.0,84607016,24953200.0
112,113,Germany, Chocolate Chip ,1366,5.0,2.0,2019-01-06,6,2022,6830.0,2732.0,4098.0,84607016,26313049.0
113,114,Mexico, Chocolate Chip ,2460,5.0,2.0,2019-01-06,6,2022,12300.0,4920.0,7380.0,129406736,5806224.0
114,115,United States, Chocolate Chip ,678,5.0,2.0,2019-01-08,8,2022,3390.0,1356.0,2034.0,335893238,90232883.0
115,116,Germany, Chocolate Chip ,1598,5.0,2.0,2019-01-08,8,2022,7990.0,3196.0,4794.0,84607016,30927803.0
116,117,Germany, Chocolate Chip ,2409,5.0,2.0,2018-01-09,9,2021,12045.0,4818.0,7227.0,84607016,3940516.0
117,118,Germany, Chocolate Chip ,1934,5.0,2.0,2019-01-09,9,2022,9670.0,3868.0,5802.0,84607016,32080339.0
118,119,Mexico, Chocolate Chip ,2993,5.0,2.0,2019-01-09,9,2022,14965.0,5986.0,8979.0,129406736,7071309.0
119,120,Germany, Chocolate Chip ,2146,5.0,2.0,2018-01-11,11,2021,10730.0,4292.0,6438.0,84607016,4616602.0
120,121,Mexico, Chocolate Chip ,1946,5.0,2.0,2018-01-12,12,2021,9730.0,3892.0,5838.0,129406736,3929117.0
121,122,Mexico, Chocolate Chip ,1362,5.0,2.0,2019-01-12,12,2022,6810.0,2724.0,4086.0,129406736,7152968.0
122,123,Mexico, Chocolate Chip ,2565,5.0,2.0,2019-01-01,1,2022,12825.0,5130.0,7695.0,129406736,4001979.0
123,124,Mexico, Chocolate Chip ,2417,5.0,2.0,2019-01-01,1,2022,12085.0,4834.0,7251.0,129406736,4001979.0
124,125,United States, Chocolate Chip ,3675,5.0,2.0,2019-01-04,4,2022,18375.0,7350.0,11025.0,335893238,79303178.0
125,126,Canada, Chocolate Chip ,1094,5.0,2.0,2019-01-06,6,2022,5470.0,2188.0,3282.0,40528396,3862713.0
126,127,France, Chocolate Chip ,1227,5.0,2.0,2019-01-10,10,2022,6135.0,2454.0,3681.0,68373000,34005579.0
127,128,Mexico, Chocolate Chip ,367,5.0,2.0,2018-01-10,10,2021,1835.0,734.0,1101.0,129406736,3692414.0
128,129,France, Chocolate Chip ,1324,5.0,2.0,2019-01-11,11,2022,6620.0,2648.0,3972.0,68373000,35664771.0
129,130,Germany, Chocolate Chip ,1775,5.0,2.0,2018-01-11,11,2021,8875.0,3550.0,5325.0,84607016,4616602.0
130,131,United States, Chocolate Chip ,2797,5.0,2.0,2019-01-12,12,2022,13985.0,5594.0,8391.0,335893238,97300648.0
131,132,United States, Chocolate Chip ,973,5.0,2.0,2019-01-03,3,2022,4865.0,1946.0,2919.0,335893238,78334128.0
132,133,Mexico, Chocolate Chip ,1038,5.0,2.0,2019-01-06,6,2022,5190.0,2076.0,3114.0,129406736,5806224.0
133,134,Germany, Chocolate Chip ,360,5.0,2.0,2019-01-10,10,2022,1800.0,720.0,1080.0,84607016,33001628.0
134,135,United States, Chocolate Chip ,386,5.0,2.0,2018-01-10,10,2021,1930.0,772.0,1158.0,335893238,42585047.0
135,136,France, Chocolate Chip ,1954,5.0,2.0,2019-01-03,3,2022,9770.0,3908.0,5862.0,68373000,21910919.0
136,137,Mexico, Chocolate Chip ,591,5.0,2.0,2019-01-05,5,2022,2955.0,1182.0,1773.0,129406736,5776554.0
137,138,France, Chocolate Chip ,2167,5.0,2.0,2018-01-10,10,2021,10835.0,4334.0,6501.0,68373000,6613086.0
138,139,Germany, Chocolate Chip ,241,5.0,2.0,2019-01-10,10,2022,1205.0,482.0,723.0,84607016,33001628.0
139,140,France, Chocolate Chip ,2532,5.0,2.0,2019-01-04,4,2022,12660.0,5064.0,7596.0,68373000,24116752.0
140,141,France, Chocolate Chip ,1198,5.0,2.0,2018-01-10,10,2021,5990.0,2396.0,3594.0,68373000,6613086.0
141,142,Canada, Chocolate Chip ,873,5.0,2.0,2019-01-01,1,2022,4365.0,1746.0,2619.0,40528396,1961723.0
142,143,Mexico, Chocolate Chip ,1122,5.0,2.0,2019-01-03,3,2022,5610.0,2244.0,3366.0,129406736,5701804.0
143,144,Canada, Chocolate Chip ,2104,5.0,2.0,2019-01-07,7,2022,10520.0,4208.0,6312.0,40528396,3931184.0
144,145,Canada, Chocolate Chip ,4026,5.0,2.0,2019-01-07,7,2022,20130.0,8052.0,12078.0,40528396,3931184.0
145,146,France, Chocolate Chip ,2425,5.0,2.0,2019-01-07,7,2022,12125.0,4850.0,7275.0,68373000,29596347.0
146,147,Canada, Chocolate Chip ,2394,5.0,2.0,2019-01-08,8,2022,11970.0,4788.0,7182.0,40528396,4064909.0
147,148,Mexico, Chocolate Chip ,1984,5.0,2.0,2019-01-08,8,2022,9920.0,3968.0,5952.0,129406736,6881192.0
148,149,France, Chocolate Chip ,2441,5.0,2.0,2019-01-10,10,2022,12205.0,4882.0,7323.0,68373000,34005579.0
149,150,Germany, Chocolate Chip ,2992,5.0,2.0,2018-01-10,10,2021,14960.0,5984.0,8976.0,84607016,4202003.0
150,151,Canada, Chocolate Chip ,1366,5.0,2.0,2019-01-11,11,2022,6830.0,2732.0,4098.0,40528396,4341788.0
151,152,United States, Chocolate Chip ,380,5.0,2.0,2018-01-09,9,2021,1900.0,760.0,1140.0,335893238,38528478.0
152,153,United States, Chocolate Chip ,3495,5.0,2.0,2019-01-01,1,2022,17475.0,6990.0,10485.0,335893238,51878860.0
153,154,Mexico, Chocolate Chip ,886,5.0,2.0,2019-01-06,6,2022,4430.0,1772.0,2658.0,129406736,5806224.0
154,155,Mexico, Chocolate Chip ,2156,5.0,2.0,2019-01-10,10,2022,10780.0,4312.0,6468.0,129406736,7115139.0
155,156,Mexico, Chocolate Chip ,905,5.0,2.0,2019-01-10,10,2022,4525.0,1810.0,2715.0,129406736,7115139.0
156,157,Mexico, Chocolate Chip ,1715,5.0,2.0,2018-01-10,10,2021,8575.0,3430.0,5145.0,129406736,3692414.0
157,158,France, Chocolate Chip ,1594,5.0,2.0,2019-01-11,11,2022,7970.0,3188.0,4782.0,68373000,35664771.0
158,159,Germany, Chocolate Chip ,1359,5.0,2.0,2019-01-11,11,2022,6795.0,2718.0,4077.0,84607016,35618058.0
159,160,Mexico, Chocolate Chip ,2150,5.0,2.0,2019-01-11,11,2022,10750.0,4300.0,6450.0,129406736,7132580.0
160,161,Mexico, Chocolate Chip ,1197,5.0,2.0,2019-01-11,11,2022,5985.0,2394.0,3591.0,129406736,7132580.0
161,162,Mexico, Chocolate Chip ,380,5.0,2.0,2018-01-12,12,2021,1900.0,760.0,1140.0,129406736,3929117.0
162,163,Mexico, Chocolate Chip ,1233,5.0,2.0,2019-01-12,12,2022,6165.0,2466.0,3699.0,129406736,7152968.0
163,164,Germany, Chocolate Chip ,1531,5.0,2.0,2019-01-12,12,2022,7655.0,3062.0,4593.0,84607016,36403907.0
164,165,United States, Chocolate Chip ,1438,5.0,2.0,2019-01-01,1,2022,7190.0,2876.0,4314.0,335893238,51878860.0
165,166,Germany, Chocolate Chip ,807,5.0,2.0,2019-01-01,1,2022,4035.0,1614.0,2421.0,84607016,7014043.0
166,167,United States, Chocolate Chip ,2641,5.0,2.0,2019-01-02,2,2022,13205.0,5282.0,7923.0,335893238,73756878.0
167,168,Germany, Chocolate Chip ,2708,5.0,2.0,2019-01-02,2,2022,13540.0,5416.0,8124.0,84607016,9957912.0
168,169,Canada, Chocolate Chip ,2632,5.0,2.0,2019-01-06,6,2022,13160.0,5264.0,7896.0,40528396,3862713.0
169,170,Canada, Chocolate Chip ,1583,5.0,2.0,2019-01-06,6,2022,7915.0,3166.0,4749.0,40528396,3862713.0
170,171,Mexico, Chocolate Chip ,571,5.0,2.0,2019-01-07,7,2022,2855.0,1142.0,1713.0,129406736,6012724.0
171,172,France, Chocolate Chip ,2696,5.0,2.0,2019-01-08,8,2022,13480.0,5392.0,8088.0,68373000,32767413.0
172,173,Canada, Chocolate Chip ,1565,5.0,2.0,2019-01-10,10,2022,7825.0,3130.0,4695.0,40528396,4240286.0
173,174,Canada, Chocolate Chip ,1249,5.0,2.0,2019-01-10,10,2022,6245.0,2498.0,3747.0,40528396,4240286.0
174,175,Germany, Chocolate Chip ,357,5.0,2.0,2019-01-11,11,2022,1785.0,714.0,1071.0,84607016,35618058.0
175,176,Germany, Chocolate Chip ,1013,5.0,2.0,2019-01-12,12,2022,5065.0,2026.0,3039.0,84607016,36403907.0
176,177,Germany, Chocolate Chip ,278,5.0,2.0,2019-01-02,2,2022,1390.0,556.0,834.0,84607016,9957912.0
177,178,Canada, Chocolate Chip ,2428,5.0,2.0,2019-01-03,3,2022,12140.0,4856.0,7284.0,40528396,3276987.0
178,179,United States, Chocolate Chip ,1767,5.0,2.0,2019-01-09,9,2022,8835.0,3534.0,5301.0,335893238,92977806.0
179,180,France, Chocolate Chip ,1393,5.0,2.0,2019-01-10,10,2022,6965.0,2786.0,4179.0,68373000,34005579.0
180,181,Mexico, Chocolate Chip ,260,5.0,2.0,2019-01-02,2,2022,1300.0,520.0,780.0,129406736,5350028.0
181,182,Canada, Chocolate Chip ,2470,5.0,2.0,2018-01-09,9,2021,12350.0,4940.0,7410.0,40528396,1486436.0
182,183,Canada, Chocolate Chip ,1743,5.0,2.0,2018-01-10,10,2021,8715.0,3486.0,5229.0,40528396,1598807.0
183,184,United States, Chocolate Chip ,2914,5.0,2.0,2019-01-10,10,2022,14570.0,5828.0,8742.0,335893238,94783304.0
184,185,France, Chocolate Chip ,1731,5.0,2.0,2019-01-10,10,2022,8655.0,3462.0,5193.0,68373000,34005579.0
185,186,Canada, Chocolate Chip ,700,5.0,2.0,2019-01-11,11,2022,3500.0,1400.0,2100.0,40528396,4341788.0
186,187,Canada, Chocolate Chip ,2222,5.0,2.0,2018-01-11,11,2021,11110.0,4444.0,6666.0,40528396,1712128.0
187,188,United States, Chocolate Chip ,1177,5.0,2.0,2019-01-11,11,2022,5885.0,2354.0,3531.0,335893238,96175292.0
188,189,France, Chocolate Chip ,1922,5.0,2.0,2018-01-11,11,2021,9610.0,3844.0,5766.0,68373000,6774109.0
189,190,Germany, Chocolate Chip ,1158,5.0,2.0,2019-01-03,3,2022,5790.0,2316.0,3474.0,84607016,14846861.0
190,191,Canada, Chocolate Chip ,1614,5.0,2.0,2019-01-04,4,2022,8070.0,3228.0,4842.0,40528396,3436006.0
191,192,Mexico, Chocolate Chip ,2535,5.0,2.0,2019-01-04,4,2022,12675.0,5070.0,7605.0,129406736,5754230.0
192,193,Mexico, Chocolate Chip ,2851,5.0,2.0,2019-01-05,5,2022,14255.0,5702.0,8553.0,129406736,5776554.0
193,194,Canada, Chocolate Chip ,2559,5.0,2.0,2019-01-08,8,2022,12795.0,5118.0,7677.0,40528396,4064909.0
194,195,United States, Chocolate Chip ,267,5.0,2.0,2018-01-10,10,2021,1335.0,534.0,801.0,335893238,42585047.0
195,196,Germany, Chocolate Chip ,1085,5.0,2.0,2019-01-10,10,2022,5425.0,2170.0,3255.0,84607016,33001628.0
196,197,Germany, Chocolate Chip ,1175,5.0,2.0,2019-01-10,10,2022,5875.0,2350.0,3525.0,84607016,33001628.0
197,198,United States, Chocolate Chip ,2007,5.0,2.0,2018-01-11,11,2021,10035.0,4014.0,6021.0,335893238,45639685.0
198,199,Mexico, Chocolate Chip ,2151,5.0,2.0,2018-01-11,11,2021,10755.0,4302.0,6453.0,129406736,3853632.0
199,200,United States, Chocolate Chip ,914,5.0,2.0,2019-01-12,12,2022,4570.0,1828.0,2742.0,335893238,97300648.0
200,201,France, Chocolate Chip ,293,5.0,2.0,2019-01-12,12,2022,1465.0,586.0,879.0,68373000,36484764.0
201,202,Canada, Chocolate Chip ,723,5.0,2.0,2019-01-04,4,2022,3615.0,1446.0,2169.0,40528396,3436006.0
202,203,Germany, Fortune Cookie ,921,1.0,0.2,2019-01-03,3,2022,921.0,184.20000000000002,736.8,84607016,14846861.0
203,204,Canada, Fortune Cookie ,2518,1.0,0.2,2019-01-06,6,2022,2518.0,503.6,2014.4,40528396,3862713.0
204,205,France, Fortune Cookie ,1899,1.0,0.2,2019-01-06,6,2022,1899.0,379.8,1519.2,68373000,28499829.0
205,206,Germany, Fortune Cookie ,1545,1.0,0.2,2019-01-06,6,2022,1545.0,309.0,1236.0,84607016,26313049.0
206,207,Mexico, Fortune Cookie ,2470,1.0,0.2,2019-01-06,6,2022,2470.0,494.0,1976.0,129406736,5806224.0
207,208,Canada, Fortune Cookie ,2665,1.0,0.2,2019-01-07,7,2022,2665.0,533.0,2132.0,40528396,3931184.0
208,209,Mexico, Fortune Cookie ,958,1.0,0.2,2019-01-08,8,2022,958.0,191.60000000000002,766.4,129406736,6881192.0
209,210,Germany, Fortune Cookie ,2146,1.0,0.2,2019-01-09,9,2022,2146.0,429.20000000000005,1716.8,84607016,32080339.0
210,211,Canada, Fortune Cookie ,345,1.0,0.2,2018-01-10,10,2021,345.0,69.0,276.0,40528396,1598807.0
211,212,United States, Fortune Cookie ,615,1.0,0.2,2019-01-12,12,2022,615.0,123.0,492.0,335893238,97300648.0
212,213,Mexico, Fortune Cookie ,2214,1.0,0.2,2019-01-03,3,2022,2214.0,442.8,1771.2,129406736,5701804.0
213,214,United States, Fortune Cookie ,2301,1.0,0.2,2019-01-04,4,2022,2301.0,460.20000000000005,1840.8,335893238,79303178.0
214,215,France, Fortune Cookie ,1375,1.0,0.2,2019-01-07,7,2022,1375.0,275.0,1100.0,68373000,29596347.0
215,216,Canada, Fortune Cookie ,1830,1.0,0.2,2019-01-08,8,2022,1830.0,366.0,1464.0,40528396,4064909.0
216,217,United States, Fortune Cookie ,2498,1.0,0.2,2018-01-09,9,2021,2498.0,499.6,1998.4,335893238,38528478.0
217,218,United States, Fortune Cookie ,663,1.0,0.2,2018-01-10,10,2021,663.0,132.6,530.4,335893238,42585047.0
218,219,United States, Fortune Cookie ,1142,1.0,0.2,2019-01-06,6,2022,1142.0,228.4,913.6,335893238,83171871.0
219,220,United States, Fortune Cookie ,1566,1.0,0.2,2019-01-10,10,2022,1566.0,313.20000000000005,1252.8,335893238,94783304.0
220,221,Mexico, Fortune Cookie ,690,1.0,0.2,2019-01-11,11,2022,690.0,138.0,552.0,129406736,7132580.0
221,222,Mexico, Fortune Cookie ,1660,1.0,0.2,2018-01-11,11,2021,1660.0,332.0,1328.0,129406736,3853632.0
222,223,Germany, Fortune Cookie ,1958,1.0,0.2,2019-01-02,2,2022,1958.0,391.6,1566.4,84607016,9957912.0
223,224,France, Fortune Cookie ,1901,1.0,0.2,2019-01-06,6,2022,1901.0,380.20000000000005,1520.8,68373000,28499829.0
224,225,France, Fortune Cookie ,544,1.0,0.2,2019-01-09,9,2022,544.0,108.80000000000001,435.2,68373000,33367049.0
225,226,Germany, Fortune Cookie ,1797,1.0,0.2,2018-01-09,9,2021,1797.0,359.40000000000003,1437.6,84607016,3940516.0
226,227,France, Fortune Cookie ,1287,1.0,0.2,2019-01-12,12,2022,1287.0,257.40000000000003,1029.6,68373000,36484764.0
227,228,Germany, Fortune Cookie ,1706,1.0,0.2,2019-01-12,12,2022,1706.0,341.20000000000005,1364.8,84607016,36403907.0
228,229,Mexico, Fortune Cookie ,2031,1.0,0.2,2019-01-10,10,2022,2031.0,406.20000000000005,1624.8,129406736,7115139.0
229,230,Canada, Fortune Cookie ,1967,1.0,0.2,2019-01-03,3,2022,1967.0,393.40000000000003,1573.6,40528396,3276987.0
230,231,Germany, Fortune Cookie ,1859,1.0,0.2,2019-01-08,8,2022,1859.0,371.8,1487.2,84607016,30927803.0
231,232,Canada, Fortune Cookie ,2851,1.0,0.2,2018-01-10,10,2021,2851.0,570.2,2280.8,40528396,1598807.0
232,233,Germany, Fortune Cookie ,2021,1.0,0.2,2019-01-10,10,2022,2021.0,404.20000000000005,1616.8,84607016,33001628.0
233,234,Mexico, Fortune Cookie ,1138,1.0,0.2,2019-01-12,12,2022,1138.0,227.60000000000002,910.4,129406736,7152968.0
234,235,Germany, Fortune Cookie ,1159,1.0,0.2,2018-01-10,10,2021,1159.0,231.8,927.2,84607016,4202003.0
235,236,France, Fortune Cookie ,1384,1.0,0.2,2019-01-01,1,2022,1384.0,276.8,1107.2,68373000,8709926.0
236,237,United States, Fortune Cookie ,3627,1.0,0.2,2019-01-07,7,2022,3627.0,725.4000000000001,2901.6,335893238,85970435.0
237,238,Mexico, Fortune Cookie ,720,1.0,0.2,2018-01-09,9,2021,720.0,144.0,576.0,129406736,3411959.0
238,239,Germany, Fortune Cookie ,2342,1.0,0.2,2019-01-11,11,2022,2342.0,468.40000000000003,1873.6,84607016,35618058.0
239,240,Mexico, Fortune Cookie ,1100,1.0,0.2,2018-01-12,12,2021,1100.0,220.0,880.0,129406736,3929117.0
240,241,Mexico, Fortune Cookie ,980,1.0,0.2,2019-01-04,4,2022,980.0,196.0,784.0,129406736,5754230.0
241,242,Germany, Fortune Cookie ,1460,1.0,0.2,2019-01-05,5,2022,1460.0,292.0,1168.0,84607016,24953200.0
242,243,France, Fortune Cookie ,1403,1.0,0.2,2018-01-10,10,2021,1403.0,280.6,1122.4,68373000,6613086.0
243,244,United States, Fortune Cookie ,2723,1.0,0.2,2019-01-11,11,2022,2723.0,544.6,2178.4,335893238,96175292.0
244,245,France, Fortune Cookie ,1757,1.0,0.2,2018-01-10,10,2021,1757.0,351.40000000000003,1405.6,68373000,6613086.0
245,246,Mexico, Fortune Cookie ,2340,1.0,0.2,2019-01-01,1,2022,2340.0,468.0,1872.0,129406736,4001979.0
246,247,France, Fortune Cookie ,2342,1.0,0.2,2019-01-11,11,2022,2342.0,468.40000000000003,1873.6,68373000,35664771.0
247,248,France, Fortune Cookie ,1976,1.0,0.2,2019-01-10,10,2022,1976.0,395.20000000000005,1580.8,68373000,34005579.0
248,249,France, Fortune Cookie ,2181,1.0,0.2,2019-01-10,10,2022,2181.0,436.20000000000005,1744.8,68373000,34005579.0
249,250,Germany, Fortune Cookie ,2500,1.0,0.2,2018-01-11,11,2021,2500.0,500.0,2000.0,84607016,4616602.0
250,251,Canada, Fortune Cookie ,488,1.0,0.2,2019-01-02,2,2022,488.0,97.60000000000001,390.4,40528396,3016024.0
251,252,United States, Fortune Cookie ,1282,1.0,0.2,2019-01-06,6,2022,1282.0,256.40000000000003,1025.6,335893238,83171871.0
252,253,France, Fortune Cookie ,2501,1.0,0.2,2019-01-03,3,2022,2501.0,500.20000000000005,2000.8,68373000,21910919.0
253,254,Canada, Fortune Cookie ,708,1.0,0.2,2019-01-06,6,2022,708.0,141.6,566.4,40528396,3862713.0
254,255,Germany, Fortune Cookie ,645,1.0,0.2,2019-01-07,7,2022,645.0,129.0,516.0,84607016,27877640.0
255,256,France, Fortune Cookie ,1562,1.0,0.2,2019-01-08,8,2022,1562.0,312.40000000000003,1249.6,68373000,32767413.0
256,257,Canada, Fortune Cookie ,1283,1.0,0.2,2018-01-09,9,2021,1283.0,256.6,1026.4,40528396,1486436.0
257,258,Germany, Fortune Cookie ,711,1.0,0.2,2019-01-12,12,2022,711.0,142.20000000000002,568.8,84607016,36403907.0
258,259,Canada, Fortune Cookie ,3802,1.0,0.2,2019-01-04,4,2022,3802.0,760.4000000000001,3041.6,40528396,3436006.0
259,260,France, Fortune Cookie ,1666,1.0,0.2,2019-01-05,5,2022,1666.0,333.20000000000005,1332.8,68373000,27742592.0
260,261,France, Fortune Cookie ,322,1.0,0.2,2018-01-09,9,2021,322.0,64.4,257.6,68373000,6379634.0
261,262,Canada, Fortune Cookie ,2321,1.0,0.2,2019-01-11,11,2022,2321.0,464.20000000000005,1856.8,40528396,4341788.0
262,263,France, Fortune Cookie ,1857,1.0,0.2,2018-01-11,11,2021,1857.0,371.40000000000003,1485.6,68373000,6774109.0
263,264,Canada, Fortune Cookie ,1611,1.0,0.2,2018-01-12,12,2021,1611.0,322.20000000000005,1288.8,40528396,1782171.0
264,265,United States, Fortune Cookie ,2797,1.0,0.2,2019-01-12,12,2022,2797.0,559.4,2237.6,335893238,97300648.0
265,266,Germany, Fortune Cookie ,334,1.0,0.2,2018-01-12,12,2021,334.0,66.8,267.2,84607016,5820646.0
266,267,United States, Fortune Cookie ,2328,1.0,0.2,2019-01-09,9,2022,2328.0,465.6,1862.4,335893238,92977806.0
267,268,United States, Fortune Cookie ,2313,1.0,0.2,2019-01-05,5,2022,2313.0,462.6,1850.4,335893238,80626043.0
268,269,United States, Fortune Cookie ,1804,1.0,0.2,2018-01-11,11,2021,1804.0,360.8,1443.2,335893238,45639685.0
269,270,France, Fortune Cookie ,2072,1.0,0.2,2019-01-12,12,2022,2072.0,414.40000000000003,1657.6,68373000,36484764.0
270,271,Germany, Fortune Cookie ,766,1.0,0.2,2019-01-01,1,2022,766.0,153.20000000000002,612.8,84607016,7014043.0
271,272,Germany, Fortune Cookie ,2992,1.0,0.2,2018-01-10,10,2021,2992.0,598.4,2393.6,84607016,4202003.0
272,273,Mexico, Fortune Cookie ,2157,1.0,0.2,2019-01-12,12,2022,2157.0,431.40000000000003,1725.6,129406736,7152968.0
273,274,United States, Fortune Cookie ,677,1.0,0.2,2019-01-03,3,2022,677.0,135.4,541.6,335893238,78334128.0
274,275,France, Fortune Cookie ,1773,1.0,0.2,2019-01-04,4,2022,1773.0,354.6,1418.4,68373000,24116752.0
275,276,Mexico, Fortune Cookie ,2420,1.0,0.2,2019-01-09,9,2022,2420.0,484.0,1936.0,129406736,7071309.0
276,277,Canada, Fortune Cookie ,2734,1.0,0.2,2019-01-10,10,2022,2734.0,546.8000000000001,2187.2,40528396,4240286.0
277,278,Mexico, Fortune Cookie ,1715,1.0,0.2,2018-01-10,10,2021,1715.0,343.0,1372.0,129406736,3692414.0
278,279,France, Fortune Cookie ,1186,1.0,0.2,2018-01-12,12,2021,1186.0,237.20000000000002,948.8,68373000,7203450.0
279,280,Mexico, Fortune Cookie ,2661,1.0,0.2,2019-01-05,5,2022,2661.0,532.2,2128.8,129406736,5776554.0
280,281,United States, Fortune Cookie ,982,1.0,0.2,2019-01-01,1,2022,982.0,196.4,785.6,335893238,51878860.0
281,282,United States, Fortune Cookie ,1298,1.0,0.2,2019-01-02,2,2022,1298.0,259.6,1038.4,335893238,73756878.0
282,283,Mexico, Fortune Cookie ,604,1.0,0.2,2019-01-06,6,2022,604.0,120.80000000000001,483.2,129406736,5806224.0
283,284,Mexico, Fortune Cookie ,2255,1.0,0.2,2019-01-07,7,2022,2255.0,451.0,1804.0,129406736,6012724.0
284,285,Canada, Fortune Cookie ,1249,1.0,0.2,2019-01-10,10,2022,1249.0,249.8,999.2,40528396,4240286.0
285,286,France, Fortune Cookie ,293,1.0,0.2,2019-01-02,2,2022,293.0,58.6,234.4,68373000,18285196.0
286,287,United States, Fortune Cookie ,2996,1.0,0.2,2018-01-10,10,2021,2996.0,599.2,2396.8,335893238,42585047.0
287,288,Canada, Fortune Cookie ,2227,1.0,0.2,2019-01-01,1,2022,2227.0,445.40000000000003,1781.6,40528396,1961723.0
288,289,Germany, Fortune Cookie ,1199,1.0,0.2,2019-01-04,4,2022,1199.0,239.8,959.2,84607016,20566111.0
289,290,Canada, Fortune Cookie ,200,1.0,0.2,2019-01-05,5,2022,200.0,40.0,160.0,40528396,3745771.0
290,291,Canada, Fortune Cookie ,388,1.0,0.2,2019-01-09,9,2022,388.0,77.60000000000001,310.4,40528396,4166438.0
291,292,Mexico, Fortune Cookie ,1727,1.0,0.2,2018-01-10,10,2021,1727.0,345.40000000000003,1381.6,129406736,3692414.0
292,293,Canada, Fortune Cookie ,2300,1.0,0.2,2019-01-12,12,2022,2300.0,460.0,1840.0,40528396,4411019.0
293,294,Mexico, Fortune Cookie ,546,1.0,0.2,2019-01-10,10,2022,546.0,109.2,436.8,129406736,7115139.0
294,295,Mexico, Fortune Cookie ,1368,1.0,0.2,2019-01-02,2,2022,1368.0,273.6,1094.4,129406736,5350028.0
295,296,France, Oatmeal Raisin ,2750,5.0,2.2,2019-01-02,2,2022,13750.0,6050.000000000001,7699.999999999999,68373000,18285196.0
296,297,United States, Oatmeal Raisin ,1953,5.0,2.2,2019-01-04,4,2022,9765.0,4296.6,5468.4,335893238,79303178.0
297,298,Germany, Oatmeal Raisin ,4219,5.0,2.2,2019-01-04,4,2022,21095.0,9281.800000000001,11813.199999999999,84607016,20566111.0
298,299,France, Oatmeal Raisin ,1899,5.0,2.2,2019-01-06,6,2022,9495.0,4177.8,5317.2,68373000,28499829.0
299,300,Germany, Oatmeal Raisin ,1686,5.0,2.2,2019-01-07,7,2022,8430.0,3709.2000000000003,4720.799999999999,84607016,27877640.0
300,301,United States, Oatmeal Raisin ,2141,5.0,2.2,2019-01-08,8,2022,10705.0,4710.200000000001,5994.799999999999,335893238,90232883.0
301,302,United States, Oatmeal Raisin ,1143,5.0,2.2,2019-01-10,10,2022,5715.0,2514.6000000000004,3200.3999999999996,335893238,94783304.0
302,303,United States, Oatmeal Raisin ,615,5.0,2.2,2019-01-12,12,2022,3075.0,1353.0,1722.0,335893238,97300648.0
303,304,United States, Oatmeal Raisin ,1989,5.0,2.2,2018-01-09,9,2021,9945.0,4375.8,5569.2,335893238,38528478.0
304,305,France, Oatmeal Raisin ,321,5.0,2.2,2018-01-11,11,2021,1605.0,706.2,898.8,68373000,6774109.0
305,306,Germany, Oatmeal Raisin ,259,5.0,2.2,2019-01-03,3,2022,1295.0,569.8000000000001,725.1999999999999,84607016,14846861.0
306,307,Mexico, Oatmeal Raisin ,1101,5.0,2.2,2019-01-03,3,2022,5505.0,2422.2000000000003,3082.7999999999997,129406736,5701804.0
307,308,Germany, Oatmeal Raisin ,2276,5.0,2.2,2019-01-05,5,2022,11380.0,5007.200000000001,6372.799999999999,84607016,24953200.0
308,309,Germany, Oatmeal Raisin ,2966,5.0,2.2,2018-01-10,10,2021,14830.0,6525.200000000001,8304.8,84607016,4202003.0
309,310,United States, Oatmeal Raisin ,1236,5.0,2.2,2019-01-11,11,2022,6180.0,2719.2000000000003,3460.7999999999997,335893238,96175292.0
310,311,France, Oatmeal Raisin ,941,5.0,2.2,2019-01-11,11,2022,4705.0,2070.2000000000003,2634.7999999999997,68373000,35664771.0
311,312,Canada, Oatmeal Raisin ,1916,5.0,2.2,2019-01-12,12,2022,9580.0,4215.200000000001,5364.799999999999,40528396,4411019.0
312,313,Mexico, Oatmeal Raisin ,1865,5.0,2.2,2019-01-02,2,2022,9325.0,4103.0,5222.0,129406736,5350028.0
313,314,Mexico, Oatmeal Raisin ,1074,5.0,2.2,2019-01-04,4,2022,5370.0,2362.8,3007.2,129406736,5754230.0
314,315,Germany, Oatmeal Raisin ,1907,5.0,2.2,2019-01-09,9,2022,9535.0,4195.400000000001,5339.599999999999,84607016,32080339.0
315,316,United States, Oatmeal Raisin ,671,5.0,2.2,2018-01-10,10,2021,3355.0,1476.2,1878.8,335893238,42585047.0
316,317,Canada, Oatmeal Raisin ,1778,5.0,2.2,2018-01-12,12,2021,8890.0,3911.6000000000004,4978.4,40528396,1782171.0
317,318,Mexico, Oatmeal Raisin ,1683,5.0,2.2,2019-01-07,7,2022,8415.0,3702.6000000000004,4712.4,129406736,6012724.0
318,319,Mexico, Oatmeal Raisin ,1123,5.0,2.2,2019-01-08,8,2022,5615.0,2470.6000000000004,3144.3999999999996,129406736,6881192.0
319,320,Germany, Oatmeal Raisin ,1159,5.0,2.2,2018-01-10,10,2021,5795.0,2549.8,3245.2,84607016,4202003.0
320,321,Germany, Oatmeal Raisin ,1350,5.0,2.2,2019-01-02,2,2022,6750.0,2970.0000000000005,3779.9999999999995,84607016,9957912.0
321,322,Canada, Oatmeal Raisin ,552,5.0,2.2,2019-01-08,8,2022,2760.0,1214.4,1545.6,40528396,4064909.0
322,323,Canada, Oatmeal Raisin ,1228,5.0,2.2,2018-01-10,10,2021,6140.0,2701.6000000000004,3438.3999999999996,40528396,1598807.0
323,324,Germany, Oatmeal Raisin ,1250,5.0,2.2,2019-01-12,12,2022,6250.0,2750.0,3500.0,84607016,36403907.0
324,325,France, Oatmeal Raisin ,1987,5.0,2.2,2019-01-01,1,2022,9935.0,4371.400000000001,5563.599999999999,68373000,8709926.0
325,326,Mexico, Oatmeal Raisin ,1679,5.0,2.2,2019-01-09,9,2022,8395.0,3693.8,4701.2,129406736,7071309.0
326,327,United States, Oatmeal Raisin ,727,5.0,2.2,2018-01-10,10,2021,3635.0,1599.4,2035.6,335893238,42585047.0
327,328,France, Oatmeal Raisin ,1403,5.0,2.2,2018-01-10,10,2021,7015.0,3086.6000000000004,3928.3999999999996,68373000,6613086.0
328,329,France, Oatmeal Raisin ,2076,5.0,2.2,2018-01-10,10,2021,10380.0,4567.200000000001,5812.799999999999,68373000,6613086.0
329,330,Canada, Oatmeal Raisin ,1135,5.0,2.2,2019-01-06,6,2022,5675.0,2497.0,3178.0,40528396,3862713.0
330,331,Canada, Oatmeal Raisin ,1645,5.0,2.2,2019-01-05,5,2022,8225.0,3619.0000000000005,4606.0,40528396,3745771.0
331,332,France, Oatmeal Raisin ,2876,5.0,2.2,2019-01-09,9,2022,14380.0,6327.200000000001,8052.799999999999,68373000,33367049.0
332,333,Germany, Oatmeal Raisin ,994,5.0,2.2,2018-01-09,9,2021,4970.0,2186.8,2783.2,84607016,3940516.0
333,334,Canada, Oatmeal Raisin ,1118,5.0,2.2,2019-01-11,11,2022,5590.0,2459.6000000000004,3130.3999999999996,40528396,4341788.0
334,335,United States, Oatmeal Raisin ,1372,5.0,2.2,2019-01-12,12,2022,6860.0,3018.4,3841.6,335893238,97300648.0
335,336,United States, Oatmeal Raisin ,1282,5.0,2.2,2019-01-06,6,2022,6410.0,2820.4,3589.6,335893238,83171871.0
336,337,Canada, Oatmeal Raisin ,708,5.0,2.2,2019-01-06,6,2022,3540.0,1557.6000000000001,1982.3999999999999,40528396,3862713.0
337,338,United States, Oatmeal Raisin ,2907,5.0,2.2,2019-01-06,6,2022,14535.0,6395.400000000001,8139.599999999999,335893238,83171871.0
338,339,Germany, Oatmeal Raisin ,1366,5.0,2.2,2019-01-06,6,2022,6830.0,3005.2000000000003,3824.7999999999997,84607016,26313049.0
339,340,Mexico, Oatmeal Raisin ,2460,5.0,2.2,2019-01-06,6,2022,12300.0,5412.0,6888.0,129406736,5806224.0
340,341,Germany, Oatmeal Raisin ,1520,5.0,2.2,2019-01-11,11,2022,7600.0,3344.0000000000005,4256.0,84607016,35618058.0
341,342,Germany, Oatmeal Raisin ,711,5.0,2.2,2019-01-12,12,2022,3555.0,1564.2,1990.8,84607016,36403907.0
342,343,Mexico, Oatmeal Raisin ,1375,5.0,2.2,2018-01-12,12,2021,6875.0,3025.0000000000005,3849.9999999999995,129406736,3929117.0
343,344,Mexico, Oatmeal Raisin ,635,5.0,2.2,2019-01-12,12,2022,3175.0,1397.0,1778.0,129406736,7152968.0
344,345,United States, Oatmeal Raisin ,2071,5.0,2.2,2019-01-09,9,2022,10355.0,4556.200000000001,5798.799999999999,335893238,92977806.0
345,346,Canada, Oatmeal Raisin ,1269,5.0,2.2,2019-01-10,10,2022,6345.0,2791.8,3553.2,40528396,4240286.0
346,347,Germany, Oatmeal Raisin ,970,5.0,2.2,2018-01-11,11,2021,4850.0,2134.0,2716.0,84607016,4616602.0
347,348,Mexico, Oatmeal Raisin ,1694,5.0,2.2,2019-01-11,11,2022,8470.0,3726.8,4743.2,129406736,7132580.0
348,349,Mexico, Oatmeal Raisin ,1038,5.0,2.2,2019-01-06,6,2022,5190.0,2283.6000000000004,2906.3999999999996,129406736,5806224.0
349,350,Canada, Oatmeal Raisin ,1630,5.0,2.2,2019-01-07,7,2022,8150.0,3586.0000000000005,4564.0,40528396,3931184.0
350,351,France, Oatmeal Raisin ,306,5.0,2.2,2018-01-12,12,2021,1530.0,673.2,856.8,68373000,7203450.0
351,352,United States, Oatmeal Raisin ,579,5.0,2.2,2019-01-01,1,2022,2895.0,1273.8000000000002,1621.1999999999998,335893238,51878860.0
352,353,Canada, Oatmeal Raisin ,2240,5.0,2.2,2019-01-02,2,2022,11200.0,4928.0,6272.0,40528396,3016024.0
353,354,United States, Oatmeal Raisin ,2993,5.0,2.2,2019-01-03,3,2022,14965.0,6584.6,8380.4,335893238,78334128.0
354,355,Canada, Oatmeal Raisin ,3520,5.0,2.2,2019-01-04,4,2022,17600.0,7744.000000000001,9856.0,40528396,3436006.0
355,356,Mexico, Oatmeal Raisin ,2039,5.0,2.2,2019-01-05,5,2022,10195.0,4485.8,5709.2,129406736,5776554.0
356,357,Germany, Oatmeal Raisin ,2574,5.0,2.2,2019-01-08,8,2022,12870.0,5662.8,7207.2,84607016,30927803.0
357,358,Canada, Oatmeal Raisin ,707,5.0,2.2,2019-01-09,9,2022,3535.0,1555.4,1979.6,40528396,4166438.0
358,359,France, Oatmeal Raisin ,2072,5.0,2.2,2019-01-12,12,2022,10360.0,4558.400000000001,5801.599999999999,68373000,36484764.0
359,360,France, Oatmeal Raisin ,853,5.0,2.2,2019-01-12,12,2022,4265.0,1876.6000000000001,2388.3999999999996,68373000,36484764.0
360,361,United States, Oatmeal Raisin ,3199,5.0,2.2,2019-01-07,7,2022,15995.0,7037.8,8957.2,335893238,85970435.0
361,362,Germany, Oatmeal Raisin ,472,5.0,2.2,2019-01-10,10,2022,2360.0,1038.4,1321.6,84607016,33001628.0
362,363,Germany, Oatmeal Raisin ,3165,5.0,2.2,2019-01-01,1,2022,15825.0,6963.000000000001,8862.0,84607016,7014043.0
363,364,Mexico, Oatmeal Raisin ,2629,5.0,2.2,2019-01-01,1,2022,13145.0,5783.8,7361.2,129406736,4001979.0
364,365,France, Oatmeal Raisin ,1433,5.0,2.2,2019-01-05,5,2022,7165.0,3152.6000000000004,4012.3999999999996,68373000,27742592.0
365,366,Mexico, Oatmeal Raisin ,947,5.0,2.2,2018-01-09,9,2021,4735.0,2083.4,2651.6,129406736,3411959.0
366,367,Mexico, Oatmeal Raisin ,344,5.0,2.2,2018-01-10,10,2021,1720.0,756.8000000000001,963.1999999999999,129406736,3692414.0
367,368,Mexico, Oatmeal Raisin ,2157,5.0,2.2,2019-01-12,12,2022,10785.0,4745.400000000001,6039.599999999999,129406736,7152968.0
368,369,United States, Oatmeal Raisin ,270,5.0,2.2,2019-01-02,2,2022,1350.0,594.0,756.0,335893238,73756878.0
369,370,France, Oatmeal Raisin ,3421,5.0,2.2,2019-01-07,7,2022,17105.0,7526.200000000001,9578.8,68373000,29596347.0
370,371,Canada, Oatmeal Raisin ,2734,5.0,2.2,2019-01-10,10,2022,13670.0,6014.8,7655.2,40528396,4240286.0
371,372,United States, Oatmeal Raisin ,2548,5.0,2.2,2018-01-11,11,2021,12740.0,5605.6,7134.4,335893238,45639685.0
372,373,Canada, Oatmeal Raisin ,2761,5.0,2.2,2018-01-09,9,2021,13805.0,6074.200000000001,7730.799999999999,40528396,1486436.0
373,374,Canada, Oatmeal Raisin ,1659,5.0,2.2,2019-01-01,1,2022,8295.0,3649.8,4645.2,40528396,1961723.0
374,375,France, Oatmeal Raisin ,1190,5.0,2.2,2019-01-06,6,2022,5950.0,2618.0,3332.0,68373000,28499829.0
375,376,Mexico, Oatmeal Raisin ,410,5.0,2.2,2019-01-10,10,2022,2050.0,902.0000000000001,1148.0,129406736,7115139.0
376,377,Germany, Oatmeal Raisin ,1770,5.0,2.2,2018-01-12,12,2021,8850.0,3894.0000000000005,4956.0,84607016,5820646.0
377,378,France, Oatmeal Raisin ,1393,5.0,2.2,2019-01-10,10,2022,6965.0,3064.6000000000004,3900.3999999999996,68373000,34005579.0
378,379,United States, Oatmeal Raisin ,2015,5.0,2.2,2018-01-12,12,2021,10075.0,4433.0,5642.0,335893238,47976346.0
379,380,Canada, Oatmeal Raisin ,888,5.0,2.2,2019-01-03,3,2022,4440.0,1953.6000000000001,2486.3999999999996,40528396,3276987.0
380,381,United States, Oatmeal Raisin ,2844,5.0,2.2,2019-01-05,5,2022,14220.0,6256.8,7963.2,335893238,80626043.0
381,382,France, Oatmeal Raisin ,2475,5.0,2.2,2019-01-08,8,2022,12375.0,5445.0,6930.0,68373000,32767413.0
382,383,Canada, Oatmeal Raisin ,1743,5.0,2.2,2018-01-10,10,2021,8715.0,3834.6000000000004,4880.4,40528396,1598807.0
383,384,United States, Oatmeal Raisin ,2914,5.0,2.2,2019-01-10,10,2022,14570.0,6410.8,8159.2,335893238,94783304.0
384,385,France, Oatmeal Raisin ,1731,5.0,2.2,2019-01-10,10,2022,8655.0,3808.2000000000003,4846.799999999999,68373000,34005579.0
385,386,Mexico, Oatmeal Raisin ,1727,5.0,2.2,2018-01-10,10,2021,8635.0,3799.4,4835.6,129406736,3692414.0
386,387,Mexico, Oatmeal Raisin ,1870,5.0,2.2,2018-01-11,11,2021,9350.0,4114.0,5236.0,129406736,3853632.0
387,388,France, Oatmeal Raisin ,2475,5.0,2.2,2019-01-03,3,2022,12375.0,5445.0,6930.0,68373000,21910919.0
388,389,Mexico, Oatmeal Raisin ,546,5.0,2.2,2019-01-10,10,2022,2730.0,1201.2,1528.8,129406736,7115139.0
389,390,Canada, Snickerdoodle ,1618,4.0,1.5,2019-01-01,1,2022,6472.0,2427.0,4045.0,40528396,1961723.0
390,391,Germany, Snickerdoodle ,1321,4.0,1.5,2019-01-01,1,2022,5284.0,1981.5,3302.5,84607016,7014043.0
391,392,France, Snickerdoodle ,2178,4.0,1.5,2019-01-06,6,2022,8712.0,3267.0,5445.0,68373000,28499829.0
392,393,Germany, Snickerdoodle ,888,4.0,1.5,2019-01-06,6,2022,3552.0,1332.0,2220.0,84607016,26313049.0
393,394,Mexico, Snickerdoodle ,2470,4.0,1.5,2019-01-06,6,2022,9880.0,3705.0,6175.0,129406736,5806224.0
394,395,Germany, Snickerdoodle ,1513,4.0,1.5,2019-01-12,12,2022,6052.0,2269.5,3782.5,84607016,36403907.0
395,396,United States, Snickerdoodle ,1858,4.0,1.5,2019-01-02,2,2022,7432.0,2787.0,4645.0,335893238,73756878.0
396,397,Mexico, Snickerdoodle ,1210,4.0,1.5,2019-01-03,3,2022,4840.0,1815.0,3025.0,129406736,5701804.0
397,398,United States, Snickerdoodle ,2529,4.0,1.5,2019-01-07,7,2022,10116.0,3793.5,6322.5,335893238,85970435.0
398,399,Canada, Snickerdoodle ,1445,4.0,1.5,2019-01-09,9,2022,5780.0,2167.5,3612.5,40528396,4166438.0
399,400,United States, Snickerdoodle ,330,4.0,1.5,2018-01-09,9,2021,1320.0,495.0,825.0,335893238,38528478.0
400,401,France, Snickerdoodle ,2671,4.0,1.5,2019-01-09,9,2022,10684.0,4006.5,6677.5,68373000,33367049.0
401,402,Germany, Snickerdoodle ,766,4.0,1.5,2018-01-10,10,2021,3064.0,1149.0,1915.0,84607016,4202003.0
402,403,Mexico, Snickerdoodle ,494,4.0,1.5,2018-01-10,10,2021,1976.0,741.0,1235.0,129406736,3692414.0
403,404,Mexico, Snickerdoodle ,1397,4.0,1.5,2019-01-10,10,2022,5588.0,2095.5,3492.5,129406736,7115139.0
404,405,France, Snickerdoodle ,2155,4.0,1.5,2019-01-12,12,2022,8620.0,3232.5,5387.5,68373000,36484764.0
405,406,Canada, Snickerdoodle ,742,4.0,1.5,2019-01-04,4,2022,2968.0,1113.0,1855.0,40528396,3436006.0
406,407,Canada, Snickerdoodle ,1295,4.0,1.5,2019-01-10,10,2022,5180.0,1942.5,3237.5,40528396,4240286.0
407,408,Germany, Snickerdoodle ,214,4.0,1.5,2018-01-10,10,2021,856.0,321.0,535.0,84607016,4202003.0
408,409,France, Snickerdoodle ,2145,4.0,1.5,2018-01-11,11,2021,8580.0,3217.5,5362.5,68373000,6774109.0
409,410,Canada, Snickerdoodle ,2852,4.0,1.5,2019-01-12,12,2022,11408.0,4278.0,7130.0,40528396,4411019.0
410,411,France, Snickerdoodle ,4243,4.0,1.5,2019-01-04,4,2022,16972.0,6364.5,10607.5,68373000,24116752.0
411,412,Germany, Snickerdoodle ,2580,4.0,1.5,2019-01-04,4,2022,10320.0,3870.0,6450.0,84607016,20566111.0
412,413,Germany, Snickerdoodle ,689,4.0,1.5,2019-01-06,6,2022,2756.0,1033.5,1722.5,84607016,26313049.0
413,414,United States, Snickerdoodle ,1947,4.0,1.5,2019-01-09,9,2022,7788.0,2920.5,4867.5,335893238,92977806.0
414,415,Canada, Snickerdoodle ,908,4.0,1.5,2018-01-12,12,2021,3632.0,1362.0,2270.0,40528396,1782171.0
415,416,Canada, Snickerdoodle ,831,4.0,1.5,2019-01-05,5,2022,3324.0,1246.5,2077.5,40528396,3745771.0
416,417,Canada, Snickerdoodle ,2851,4.0,1.5,2018-01-10,10,2021,11404.0,4276.5,7127.5,40528396,1598807.0
417,418,Germany, Snickerdoodle ,2021,4.0,1.5,2019-01-10,10,2022,8084.0,3031.5,5052.5,84607016,33001628.0
418,419,United States, Snickerdoodle ,274,4.0,1.5,2019-01-12,12,2022,1096.0,411.0,685.0,335893238,97300648.0
419,420,France, Snickerdoodle ,1865,4.0,1.5,2019-01-02,2,2022,7460.0,2797.5,4662.5,68373000,18285196.0
420,421,Germany, Snickerdoodle ,1116,4.0,1.5,2019-01-02,2,2022,4464.0,1674.0,2790.0,84607016,9957912.0
421,422,France, Snickerdoodle ,1563,4.0,1.5,2019-01-05,5,2022,6252.0,2344.5,3907.5,68373000,27742592.0
422,423,United States, Snickerdoodle ,991,4.0,1.5,2019-01-06,6,2022,3964.0,1486.5,2477.5,335893238,83171871.0
423,424,Germany, Snickerdoodle ,1016,4.0,1.5,2018-01-11,11,2021,4064.0,1524.0,2540.0,84607016,4616602.0
424,425,Mexico, Snickerdoodle ,2791,4.0,1.5,2019-01-11,11,2022,11164.0,4186.5,6977.5,129406736,7132580.0
425,426,United States, Snickerdoodle ,570,4.0,1.5,2019-01-12,12,2022,2280.0,855.0,1425.0,335893238,97300648.0
426,427,France, Snickerdoodle ,2487,4.0,1.5,2019-01-12,12,2022,9948.0,3730.5,6217.5,68373000,36484764.0
427,428,United States, Snickerdoodle ,1117,4.0,1.5,2019-01-01,1,2022,4468.0,1675.5,2792.5,335893238,51878860.0
428,429,Canada, Snickerdoodle ,2844,4.0,1.5,2019-01-06,6,2022,11376.0,4266.0,7110.0,40528396,3862713.0
429,430,Mexico, Snickerdoodle ,562,4.0,1.5,2019-01-09,9,2022,2248.0,843.0,1405.0,129406736,7071309.0
430,431,Canada, Snickerdoodle ,2299,4.0,1.5,2018-01-10,10,2021,9196.0,3448.5,5747.5,40528396,1598807.0
431,432,United States, Snickerdoodle ,2030,4.0,1.5,2019-01-11,11,2022,8120.0,3045.0,5075.0,335893238,96175292.0
432,433,United States, Snickerdoodle ,263,4.0,1.5,2018-01-11,11,2021,1052.0,394.5,657.5,335893238,45639685.0
433,434,Germany, Snickerdoodle ,887,4.0,1.5,2018-01-12,12,2021,3548.0,1330.5,2217.5,84607016,5820646.0
434,435,Mexico, Snickerdoodle ,727,4.0,1.5,2019-01-02,2,2022,2908.0,1090.5,1817.5,129406736,5350028.0
435,436,Canada, Snickerdoodle ,1884,4.0,1.5,2019-01-08,8,2022,7536.0,2826.0,4710.0,40528396,4064909.0
436,437,Mexico, Snickerdoodle ,1834,4.0,1.5,2018-01-09,9,2021,7336.0,2751.0,4585.0,129406736,3411959.0
437,438,United States, Snickerdoodle ,1761,4.0,1.5,2019-01-03,3,2022,7044.0,2641.5,4402.5,335893238,78334128.0
438,439,France, Snickerdoodle ,448,4.0,1.5,2019-01-06,6,2022,1792.0,672.0,1120.0,68373000,28499829.0
439,440,France, Snickerdoodle ,2181,4.0,1.5,2019-01-10,10,2022,8724.0,3271.5,5452.5,68373000,34005579.0
440,441,Mexico, Snickerdoodle ,1540,4.0,1.5,2019-01-08,8,2022,6160.0,2310.0,3850.0,129406736,6881192.0
441,442,France, Snickerdoodle ,490,4.0,1.5,2019-01-11,11,2022,1960.0,735.0,1225.0,68373000,35664771.0
442,443,Mexico, Snickerdoodle ,1362,4.0,1.5,2019-01-12,12,2022,5448.0,2043.0,3405.0,129406736,7152968.0
443,444,Canada, Snickerdoodle ,1094,4.0,1.5,2019-01-06,6,2022,4376.0,1641.0,2735.0,40528396,3862713.0
444,445,Mexico, Snickerdoodle ,367,4.0,1.5,2018-01-10,10,2021,1468.0,550.5,917.5,129406736,3692414.0
445,446,Germany, Snickerdoodle ,663,4.0,1.5,2019-01-05,5,2022,2652.0,994.5,1657.5,84607016,24953200.0
446,447,Canada, Snickerdoodle ,819,4.0,1.5,2019-01-07,7,2022,3276.0,1228.5,2047.5,40528396,3931184.0
447,448,Germany, Snickerdoodle ,1580,4.0,1.5,2019-01-09,9,2022,6320.0,2370.0,3950.0,84607016,32080339.0
448,449,Mexico, Snickerdoodle ,521,4.0,1.5,2019-01-12,12,2022,2084.0,781.5,1302.5,129406736,7152968.0
449,450,United States, Snickerdoodle ,386,4.0,1.5,2018-01-10,10,2021,1544.0,579.0,965.0,335893238,42585047.0
450,451,United States, Snickerdoodle ,3445,4.0,1.5,2019-01-04,4,2022,13780.0,5167.5,8612.5,335893238,79303178.0
451,452,France, Snickerdoodle ,1482,4.0,1.5,2018-01-12,12,2021,5928.0,2223.0,3705.0,68373000,7203450.0
452,453,France, Snickerdoodle ,1198,4.0,1.5,2018-01-10,10,2021,4792.0,1797.0,2995.0,68373000,6613086.0
453,454,Canada, Snickerdoodle ,1937,4.0,1.5,2019-01-02,2,2022,7748.0,2905.5,4842.5,40528396,3016024.0
454,455,Germany, Snickerdoodle ,792,4.0,1.5,2019-01-03,3,2022,3168.0,1188.0,1980.0,84607016,14846861.0
455,456,Germany, Snickerdoodle ,2811,4.0,1.5,2019-01-07,7,2022,11244.0,4216.5,7027.5,84607016,27877640.0
456,457,France, Snickerdoodle ,2441,4.0,1.5,2019-01-10,10,2022,9764.0,3661.5,6102.5,68373000,34005579.0
457,458,Canada, Snickerdoodle ,1560,4.0,1.5,2018-01-11,11,2021,6240.0,2340.0,3900.0,40528396,1712128.0
458,459,Mexico, Snickerdoodle ,2706,4.0,1.5,2018-01-11,11,2021,10824.0,4059.0,6765.0,129406736,3853632.0
459,460,Mexico, Snickerdoodle ,886,4.0,1.5,2019-01-06,6,2022,3544.0,1329.0,2215.0,129406736,5806224.0
460,461,Canada, Snickerdoodle ,2416,4.0,1.5,2018-01-09,9,2021,9664.0,3624.0,6040.0,40528396,1486436.0
461,462,Mexico, Snickerdoodle ,2156,4.0,1.5,2019-01-10,10,2022,8624.0,3234.0,5390.0,129406736,7115139.0
462,463,Canada, Snickerdoodle ,2689,4.0,1.5,2019-01-11,11,2022,10756.0,4033.5,6722.5,40528396,4341788.0
463,464,France, Snickerdoodle ,2521,4.0,1.5,2019-01-01,1,2022,10084.0,3781.5,6302.5,68373000,8709926.0
464,465,United States, Snickerdoodle ,2567,4.0,1.5,2019-01-06,6,2022,10268.0,3850.5,6417.5,335893238,83171871.0
465,466,Canada, Snickerdoodle ,923,4.0,1.5,2019-01-03,3,2022,3692.0,1384.5,2307.5,40528396,3276987.0
466,467,France, Snickerdoodle ,1790,4.0,1.5,2019-01-03,3,2022,7160.0,2685.0,4475.0,68373000,21910919.0
467,468,Germany, Snickerdoodle ,442,4.0,1.5,2018-01-09,9,2021,1768.0,663.0,1105.0,84607016,3940516.0
468,469,Mexico, Snickerdoodle ,2579,4.0,1.5,2019-01-04,4,2022,10316.0,3868.5,6447.5,129406736,5754230.0
469,470,United States, Snickerdoodle ,1743,4.0,1.5,2019-01-05,5,2022,6972.0,2614.5,4357.5,335893238,80626043.0
470,471,United States, Snickerdoodle ,2996,4.0,1.5,2018-01-10,10,2021,11984.0,4494.0,7490.0,335893238,42585047.0
471,472,Germany, Snickerdoodle ,280,4.0,1.5,2019-01-12,12,2022,1120.0,420.0,700.0,84607016,36403907.0
472,473,Mexico, Snickerdoodle ,801,4.0,1.5,2019-01-07,7,2022,3204.0,1201.5,2002.5,129406736,6012724.0
473,474,France, Snickerdoodle ,1023,4.0,1.5,2018-01-09,9,2021,4092.0,1534.5,2557.5,68373000,6379634.0
474,475,Canada, Snickerdoodle ,1496,4.0,1.5,2019-01-10,10,2022,5984.0,2244.0,3740.0,40528396,4240286.0
475,476,United States, Snickerdoodle ,1010,4.0,1.5,2019-01-10,10,2022,4040.0,1515.0,2525.0,335893238,94783304.0
476,477,Germany, Snickerdoodle ,1513,4.0,1.5,2019-01-11,11,2022,6052.0,2269.5,3782.5,84607016,35618058.0
477,478,Canada, Snickerdoodle ,2300,4.0,1.5,2019-01-12,12,2022,9200.0,3450.0,5750.0,40528396,4411019.0
478,479,Mexico, Snickerdoodle ,2821,4.0,1.5,2018-01-12,12,2021,11284.0,4231.5,7052.5,129406736,3929117.0
479,480,France, Snickerdoodle ,1174,4.0,1.5,2019-01-08,8,2022,4696.0,1761.0,2935.0,68373000,32767413.0
480,481,Germany, Snickerdoodle ,2767,4.0,1.5,2019-01-08,8,2022,11068.0,4150.5,6917.5,84607016,30927803.0
481,482,Germany, Snickerdoodle ,1085,4.0,1.5,2019-01-10,10,2022,4340.0,1627.5,2712.5,84607016,33001628.0
482,483,Canada, Sugar ,2001,3.0,1.25,2019-01-02,2,2022,6003.0,2501.25,3501.75,40528396,3016024.0
483,484,Germany, Sugar ,2838,3.0,1.25,2019-01-04,4,2022,8514.0,3547.5,4966.5,84607016,20566111.0
484,485,France, Sugar ,2178,3.0,1.25,2019-01-06,6,2022,6534.0,2722.5,3811.5,68373000,28499829.0
485,486,Germany, Sugar ,888,3.0,1.25,2019-01-06,6,2022,2664.0,1110.0,1554.0,84607016,26313049.0
486,487,France, Sugar ,1527,3.0,1.25,2018-01-09,9,2021,4581.0,1908.75,2672.25,68373000,6379634.0
487,488,France, Sugar ,2151,3.0,1.25,2019-01-09,9,2022,6453.0,2688.75,3764.25,68373000,33367049.0
488,489,Canada, Sugar ,1817,3.0,1.25,2019-01-12,12,2022,5451.0,2271.25,3179.75,40528396,4411019.0
489,490,Canada, Sugar ,1326,3.0,1.25,2019-01-03,3,2022,3978.0,1657.5,2320.5,40528396,3276987.0
490,491,Germany, Sugar ,263,3.0,1.25,2019-01-03,3,2022,789.0,328.75,460.25,84607016,14846861.0
491,492,Canada, Sugar ,943,3.0,1.25,2019-01-04,4,2022,2829.0,1178.75,1650.25,40528396,3436006.0
492,493,United States, Sugar ,727,3.0,1.25,2019-01-06,6,2022,2181.0,908.75,1272.25,335893238,83171871.0
493,494,France, Sugar ,787,3.0,1.25,2019-01-06,6,2022,2361.0,983.75,1377.25,68373000,28499829.0
494,495,Germany, Sugar ,986,3.0,1.25,2019-01-09,9,2022,2958.0,1232.5,1725.5,84607016,32080339.0
495,496,Mexico, Sugar ,494,3.0,1.25,2018-01-10,10,2021,1482.0,617.5,864.5,129406736,3692414.0
496,497,Mexico, Sugar ,1397,3.0,1.25,2019-01-10,10,2022,4191.0,1746.25,2444.75,129406736,7115139.0
497,498,France, Sugar ,1744,3.0,1.25,2019-01-11,11,2022,5232.0,2180.0,3052.0,68373000,35664771.0
498,499,Mexico, Sugar ,662,3.0,1.25,2019-01-06,6,2022,1986.0,827.5,1158.5,129406736,5806224.0
499,500,Germany, Sugar ,214,3.0,1.25,2018-01-10,10,2021,642.0,267.5,374.5,84607016,4202003.0
500,501,Germany, Sugar ,2877,3.0,1.25,2019-01-10,10,2022,8631.0,3596.25,5034.75,84607016,33001628.0
501,502,Canada, Sugar ,2729,3.0,1.25,2019-01-12,12,2022,8187.0,3411.25,4775.75,40528396,4411019.0
502,503,United States, Sugar ,266,3.0,1.25,2018-01-12,12,2021,798.0,332.5,465.5,335893238,47976346.0
503,504,Mexico, Sugar ,1940,3.0,1.25,2018-01-12,12,2021,5820.0,2425.0,3395.0,129406736,3929117.0
504,505,United States, Sugar ,2844,3.0,1.25,2019-01-02,2,2022,8532.0,3555.0,4977.0,335893238,73756878.0
505,506,Mexico, Sugar ,1916,3.0,1.25,2019-01-04,4,2022,5748.0,2395.0,3353.0,129406736,5754230.0
506,507,Germany, Sugar ,1570,3.0,1.25,2019-01-06,6,2022,4710.0,1962.5,2747.5,84607016,26313049.0
507,508,Canada, Sugar ,1874,3.0,1.25,2019-01-08,8,2022,5622.0,2342.5,3279.5,40528396,4064909.0
508,509,Mexico, Sugar ,1642,3.0,1.25,2019-01-08,8,2022,4926.0,2052.5,2873.5,129406736,6881192.0
509,510,Germany, Sugar ,1945,3.0,1.25,2018-01-10,10,2021,5835.0,2431.25,3403.75,84607016,4202003.0
510,511,Germany, Sugar ,2479,3.0,1.25,2019-01-01,1,2022,7437.0,3098.75,4338.25,84607016,7014043.0
511,512,France, Sugar ,866,3.0,1.25,2019-01-05,5,2022,2598.0,1082.5,1515.5,68373000,27742592.0
512,513,United States, Sugar ,349,3.0,1.25,2018-01-09,9,2021,1047.0,436.25,610.75,335893238,38528478.0
513,514,France, Sugar ,2177,3.0,1.25,2019-01-10,10,2022,6531.0,2721.25,3809.75,68373000,34005579.0
514,515,Mexico, Sugar ,1514,3.0,1.25,2018-01-10,10,2021,4542.0,1892.5,2649.5,129406736,3692414.0
515,516,Mexico, Sugar ,2689,3.0,1.25,2019-01-10,10,2022,8067.0,3361.25,4705.75,129406736,7115139.0
516,517,Canada, Sugar ,1389,3.0,1.25,2018-01-10,10,2021,4167.0,1736.25,2430.75,40528396,1598807.0
517,518,United States, Sugar ,1265,3.0,1.25,2018-01-11,11,2021,3795.0,1581.25,2213.75,335893238,45639685.0
518,519,Germany, Sugar ,2297,3.0,1.25,2018-01-11,11,2021,6891.0,2871.25,4019.75,84607016,4616602.0
519,520,United States, Sugar ,2663,3.0,1.25,2019-01-12,12,2022,7989.0,3328.75,4660.25,335893238,97300648.0
520,521,United States, Sugar ,570,3.0,1.25,2019-01-12,12,2022,1710.0,712.5,997.5,335893238,97300648.0
521,522,France, Sugar ,2487,3.0,1.25,2019-01-12,12,2022,7461.0,3108.75,4352.25,68373000,36484764.0
522,523,Canada, Sugar ,2844,3.0,1.25,2019-01-06,6,2022,8532.0,3555.0,4977.0,40528396,3862713.0
523,524,Mexico, Sugar ,1498,3.0,1.25,2019-01-06,6,2022,4494.0,1872.5,2621.5,129406736,5806224.0
524,525,France, Sugar ,1221,3.0,1.25,2018-01-10,10,2021,3663.0,1526.25,2136.75,68373000,6613086.0
525,526,Mexico, Sugar ,1123,3.0,1.25,2018-01-11,11,2021,3369.0,1403.75,1965.25,129406736,3853632.0
526,527,Canada, Sugar ,2436,3.0,1.25,2018-01-12,12,2021,7308.0,3045.0,4263.0,40528396,1782171.0
527,528,United States, Sugar ,1153,3.0,1.25,2019-01-10,10,2022,3459.0,1441.25,2017.75,335893238,94783304.0
528,529,France, Sugar ,1738,3.0,1.25,2019-01-04,4,2022,5214.0,2172.5,3041.5,68373000,24116752.0
529,530,Germany, Sugar ,2215,3.0,1.25,2018-01-09,9,2021,6645.0,2768.75,3876.25,84607016,3940516.0
530,531,Canada, Sugar ,1582,3.0,1.25,2019-01-12,12,2022,4746.0,1977.5,2768.5,40528396,4411019.0
531,532,Canada, Sugar ,3244,3.0,1.25,2019-01-01,1,2022,9732.0,4055.0,5677.0,40528396,1961723.0
532,533,France, Sugar ,959,3.0,1.25,2019-01-02,2,2022,2877.0,1198.75,1678.25,68373000,18285196.0
533,534,Mexico, Sugar ,2747,3.0,1.25,2019-01-02,2,2022,8241.0,3433.75,4807.25,129406736,5350028.0
534,535,France, Sugar ,574,3.0,1.25,2019-01-04,4,2022,1722.0,717.5,1004.5,68373000,24116752.0
535,536,Germany, Sugar ,2338,3.0,1.25,2019-01-06,6,2022,7014.0,2922.5,4091.5,84607016,26313049.0
536,537,France, Sugar ,381,3.0,1.25,2019-01-08,8,2022,1143.0,476.25,666.75,68373000,32767413.0
537,538,Germany, Sugar ,422,3.0,1.25,2019-01-08,8,2022,1266.0,527.5,738.5,84607016,30927803.0
538,539,Canada, Sugar ,2134,3.0,1.25,2019-01-09,9,2022,6402.0,2667.5,3734.5,40528396,4166438.0
539,540,United States, Sugar ,808,3.0,1.25,2018-01-12,12,2021,2424.0,1010.0,1414.0,335893238,47976346.0
540,541,United States, Sugar ,436,3.0,1.25,2019-01-07,7,2022,1308.0,545.0,763.0,335893238,85970435.0
541,542,United States, Sugar ,1956,3.0,1.25,2019-01-01,1,2022,5868.0,2445.0,3423.0,335893238,51878860.0
542,543,Germany, Sugar ,2659,3.0,1.25,2019-01-02,2,2022,7977.0,3323.75,4653.25,84607016,9957912.0
543,544,United States, Sugar ,1351,3.0,1.25,2019-01-04,4,2022,4053.0,1688.75,2364.25,335893238,79303178.0
544,545,Germany, Sugar ,880,3.0,1.25,2019-01-05,5,2022,2640.0,1100.0,1540.0,84607016,24953200.0
545,546,United States, Sugar ,1867,3.0,1.25,2019-01-09,9,2022,5601.0,2333.75,3267.25,335893238,92977806.0
546,547,France, Sugar ,2234,3.0,1.25,2018-01-09,9,2021,6702.0,2792.5,3909.5,68373000,6379634.0
547,548,France, Sugar ,1227,3.0,1.25,2019-01-10,10,2022,3681.0,1533.75,2147.25,68373000,34005579.0
548,549,Mexico, Sugar ,877,3.0,1.25,2019-01-11,11,2022,2631.0,1096.25,1534.75,129406736,7132580.0
549,550,Germany, Sugar ,360,3.0,1.25,2019-01-10,10,2022,1080.0,450.0,630.0,84607016,33001628.0
550,551,France, Sugar ,2682,3.0,1.25,2018-01-11,11,2021,8046.0,3352.5,4693.5,68373000,6774109.0
551,552,Mexico, Sugar ,521,3.0,1.25,2019-01-12,12,2022,1563.0,651.25,911.75,129406736,7152968.0
552,553,Mexico, Sugar ,341,3.0,1.25,2019-01-05,5,2022,1023.0,426.25,596.75,129406736,5776554.0
553,554,Mexico, Sugar ,641,3.0,1.25,2019-01-07,7,2022,1923.0,801.25,1121.75,129406736,6012724.0
554,555,United States, Sugar ,2807,3.0,1.25,2019-01-08,8,2022,8421.0,3508.75,4912.25,335893238,90232883.0
555,556,Mexico, Sugar ,432,3.0,1.25,2019-01-09,9,2022,1296.0,540.0,756.0,129406736,7071309.0
556,557,United States, Sugar ,2294,3.0,1.25,2018-01-10,10,2021,6882.0,2867.5,4014.5,335893238,42585047.0
557,558,France, Sugar ,2167,3.0,1.25,2018-01-10,10,2021,6501.0,2708.75,3792.25,68373000,6613086.0
558,559,Canada, Sugar ,2529,3.0,1.25,2019-01-11,11,2022,7587.0,3161.25,4425.75,40528396,4341788.0
559,560,Germany, Sugar ,1870,3.0,1.25,2018-01-12,12,2021,5610.0,2337.5,3272.5,84607016,5820646.0
560,561,United States, Sugar ,1579,3.0,1.25,2019-01-03,3,2022,4737.0,1973.75,2763.25,335893238,78334128.0
561,562,Mexico, Sugar ,1005,3.0,1.25,2018-01-09,9,2021,3015.0,1256.25,1758.75,129406736,3411959.0
562,563,France, Sugar ,1734,3.0,1.25,2019-01-01,1,2022,5202.0,2167.5,3034.5,68373000,8709926.0
563,564,Mexico, Sugar ,554,3.0,1.25,2019-01-01,1,2022,1662.0,692.5,969.5,129406736,4001979.0
564,565,Canada, Sugar ,2935,3.0,1.25,2018-01-11,11,2021,8805.0,3668.75,5136.25,40528396,1712128.0
565,566,Canada, Sugar ,2109,3.0,1.25,2019-01-05,5,2022,6327.0,2636.25,3690.75,40528396,3745771.0
566,567,France, Sugar ,3874,3.0,1.25,2019-01-07,7,2022,11622.0,4842.5,6779.5,68373000,29596347.0
567,568,Canada, Sugar ,623,3.0,1.25,2018-01-09,9,2021,1869.0,778.75,1090.25,40528396,1486436.0
568,569,United States, Sugar ,986,3.0,1.25,2019-01-10,10,2022,2958.0,1232.5,1725.5,335893238,94783304.0
569,570,United States, Sugar ,2387,3.0,1.25,2019-01-11,11,2022,7161.0,2983.75,4177.25,335893238,96175292.0
570,571,Mexico, Sugar ,1233,3.0,1.25,2019-01-12,12,2022,3699.0,1541.25,2157.75,129406736,7152968.0
571,572,France, Sugar ,1491,3.0,1.25,2019-01-03,3,2022,4473.0,1863.75,2609.25,68373000,21910919.0
572,573,Germany, Sugar ,1531,3.0,1.25,2019-01-12,12,2022,4593.0,1913.75,2679.25,84607016,36403907.0
573,574,United States, Sugar ,2567,3.0,1.25,2019-01-06,6,2022,7701.0,3208.75,4492.25,335893238,83171871.0
574,575,Canada, Sugar ,1583,3.0,1.25,2019-01-06,6,2022,4749.0,1978.75,2770.25,40528396,3862713.0
575,576,Canada, Sugar ,1565,3.0,1.25,2019-01-10,10,2022,4695.0,1956.25,2738.75,40528396,4240286.0
576,577,Germany, Sugar ,280,3.0,1.25,2019-01-12,12,2022,840.0,350.0,490.0,84607016,36403907.0
577,578,Mexico, Sugar ,2903,3.0,1.25,2019-01-03,3,2022,8709.0,3628.75,5080.25,129406736,5701804.0
578,579,United States, Sugar ,2541,3.0,1.25,2019-01-08,8,2022,7623.0,3176.25,4446.75,335893238,90232883.0
579,580,Canada, Sugar ,269,3.0,1.25,2018-01-10,10,2021,807.0,336.25,470.75,40528396,1598807.0
580,581,Canada, Sugar ,1496,3.0,1.25,2019-01-10,10,2022,4488.0,1870.0,2618.0,40528396,4240286.0
581,582,United States, Sugar ,1010,3.0,1.25,2019-01-10,10,2022,3030.0,1262.5,1767.5,335893238,94783304.0
582,583,France, Sugar ,1281,3.0,1.25,2018-01-12,12,2021,3843.0,1601.25,2241.75,68373000,7203450.0
583,584,Canada, Sugar ,865,3.0,1.25,2019-01-07,7,2022,2595.0,1081.25,1513.75,40528396,3931184.0
584,585,Germany, Sugar ,492,3.0,1.25,2019-01-07,7,2022,1476.0,615.0,861.0,84607016,27877640.0
585,586,United States, Sugar ,267,3.0,1.25,2018-01-10,10,2021,801.0,333.75,467.25,335893238,42585047.0
586,587,Germany, Sugar ,1175,3.0,1.25,2019-01-10,10,2022,3525.0,1468.75,2056.25,84607016,33001628.0
587,588,Canada, Sugar ,2954,3.0,1.25,2018-01-11,11,2021,8862.0,3692.5,5169.5,40528396,1712128.0
588,589,Germany, Sugar ,552,3.0,1.25,2019-01-11,11,2022,1656.0,690.0,966.0,84607016,35618058.0
589,590,France, Sugar ,293,3.0,1.25,2019-01-12,12,2022,879.0,366.25,512.75,68373000,36484764.0
590,591,United States, Sugar ,1806,3.0,1.25,2019-01-05,5,2022,5418.0,2257.5,3160.5,335893238,80626043.0
591,592,Mexico, White Chocolate Macadamia Nut ,1493,6.0,2.75,2019-01-01,1,2022,8958.0,4105.75,4852.25,129406736,4001979.0
592,593,France, White Chocolate Macadamia Nut ,1804,6.0,2.75,2019-01-02,2,2022,10824.0,4961.0,5863.0,68373000,18285196.0
593,594,Germany, White Chocolate Macadamia Nut ,2161,6.0,2.75,2019-01-03,3,2022,12966.0,5942.75,7023.25,84607016,14846861.0
594,595,Germany, White Chocolate Macadamia Nut ,1006,6.0,2.75,2019-01-06,6,2022,6036.0,2766.5,3269.5,84607016,26313049.0
595,596,Germany, White Chocolate Macadamia Nut ,1545,6.0,2.75,2019-01-06,6,2022,9270.0,4248.75,5021.25,84607016,26313049.0
596,597,United States, White Chocolate Macadamia Nut ,2821,6.0,2.75,2019-01-08,8,2022,16926.0,7757.75,9168.25,335893238,90232883.0
597,598,Canada, White Chocolate Macadamia Nut ,345,6.0,2.75,2018-01-10,10,2021,2070.0,948.75,1121.25,40528396,1598807.0
598,599,France, White Chocolate Macadamia Nut ,639,6.0,2.75,2019-01-11,11,2022,3834.0,1757.25,2076.75,68373000,35664771.0
599,600,France, White Chocolate Macadamia Nut ,3864,6.0,2.75,2019-01-04,4,2022,23184.0,10626.0,12558.0,68373000,24116752.0
600,601,Mexico, White Chocolate Macadamia Nut ,362,6.0,2.75,2019-01-05,5,2022,2172.0,995.5,1176.5,129406736,5776554.0
601,602,Canada, White Chocolate Macadamia Nut ,923,6.0,2.75,2019-01-08,8,2022,5538.0,2538.25,2999.75,40528396,4064909.0
602,603,United States, White Chocolate Macadamia Nut ,663,6.0,2.75,2018-01-10,10,2021,3978.0,1823.25,2154.75,335893238,42585047.0
603,604,Canada, White Chocolate Macadamia Nut ,2092,6.0,2.75,2018-01-11,11,2021,12552.0,5753.0,6799.0,40528396,1712128.0
604,605,United States, White Chocolate Macadamia Nut ,1566,6.0,2.75,2019-01-10,10,2022,9396.0,4306.5,5089.5,335893238,94783304.0
605,606,Germany, White Chocolate Macadamia Nut ,2966,6.0,2.75,2018-01-10,10,2021,17796.0,8156.5,9639.5,84607016,4202003.0
606,607,Germany, White Chocolate Macadamia Nut ,2877,6.0,2.75,2019-01-10,10,2022,17262.0,7911.75,9350.25,84607016,33001628.0
607,608,Germany, White Chocolate Macadamia Nut ,809,6.0,2.75,2018-01-10,10,2021,4854.0,2224.75,2629.25,84607016,4202003.0
608,609,Mexico, White Chocolate Macadamia Nut ,2145,6.0,2.75,2018-01-10,10,2021,12870.0,5898.75,6971.25,129406736,3692414.0
609,610,France, White Chocolate Macadamia Nut ,1055,6.0,2.75,2019-01-12,12,2022,6330.0,2901.25,3428.75,68373000,36484764.0
610,611,Mexico, White Chocolate Macadamia Nut ,544,6.0,2.75,2018-01-12,12,2021,3264.0,1496.0,1768.0,129406736,3929117.0
611,612,Mexico, White Chocolate Macadamia Nut ,1084,6.0,2.75,2019-01-12,12,2022,6504.0,2981.0,3523.0,129406736,7152968.0
612,613,Canada, White Chocolate Macadamia Nut ,2009,6.0,2.75,2019-01-10,10,2022,12054.0,5524.75,6529.25,40528396,4240286.0
613,614,Canada, White Chocolate Macadamia Nut ,3850,6.0,2.75,2019-01-04,4,2022,23100.0,10587.5,12512.5,40528396,3436006.0
614,615,United States, White Chocolate Macadamia Nut ,736,6.0,2.75,2018-01-09,9,2021,4416.0,2024.0,2392.0,335893238,38528478.0
615,616,United States, White Chocolate Macadamia Nut ,1465,6.0,2.75,2019-01-03,3,2022,8790.0,4028.75,4761.25,335893238,78334128.0
616,617,Canada, White Chocolate Macadamia Nut ,2646,6.0,2.75,2018-01-09,9,2021,15876.0,7276.5,8599.5,40528396,1486436.0
617,618,France, White Chocolate Macadamia Nut ,2177,6.0,2.75,2019-01-10,10,2022,13062.0,5986.75,7075.25,68373000,34005579.0
618,619,Canada, White Chocolate Macadamia Nut ,2431,6.0,2.75,2019-01-12,12,2022,14586.0,6685.25,7900.75,40528396,4411019.0
619,620,United States, White Chocolate Macadamia Nut ,555,6.0,2.75,2019-01-01,1,2022,3330.0,1526.25,1803.75,335893238,51878860.0
620,621,Mexico, White Chocolate Macadamia Nut ,2861,6.0,2.75,2019-01-01,1,2022,17166.0,7867.75,9298.25,129406736,4001979.0
621,622,Germany, White Chocolate Macadamia Nut ,807,6.0,2.75,2019-01-02,2,2022,4842.0,2219.25,2622.75,84607016,9957912.0
622,623,United States, White Chocolate Macadamia Nut ,602,6.0,2.75,2019-01-06,6,2022,3612.0,1655.5,1956.5,335893238,83171871.0
623,624,United States, White Chocolate Macadamia Nut ,2832,6.0,2.75,2019-01-08,8,2022,16992.0,7788.0,9204.0,335893238,90232883.0
624,625,France, White Chocolate Macadamia Nut ,1579,6.0,2.75,2019-01-08,8,2022,9474.0,4342.25,5131.75,68373000,32767413.0
625,626,United States, White Chocolate Macadamia Nut ,861,6.0,2.75,2019-01-10,10,2022,5166.0,2367.75,2798.25,335893238,94783304.0
626,627,France, White Chocolate Macadamia Nut ,704,6.0,2.75,2018-01-10,10,2021,4224.0,1936.0,2288.0,68373000,6613086.0
627,628,France, White Chocolate Macadamia Nut ,1033,6.0,2.75,2018-01-12,12,2021,6198.0,2840.75,3357.25,68373000,7203450.0
628,629,Germany, White Chocolate Macadamia Nut ,1250,6.0,2.75,2019-01-12,12,2022,7500.0,3437.5,4062.5,84607016,36403907.0
629,630,Canada, White Chocolate Macadamia Nut ,952,6.0,2.75,2019-01-02,2,2022,5712.0,2618.0,3094.0,40528396,3016024.0
630,631,United States, White Chocolate Macadamia Nut ,2755,6.0,2.75,2019-01-02,2,2022,16530.0,7576.25,8953.75,335893238,73756878.0
631,632,Germany, White Chocolate Macadamia Nut ,1530,6.0,2.75,2019-01-05,5,2022,9180.0,4207.5,4972.5,84607016,24953200.0
632,633,France, White Chocolate Macadamia Nut ,1496,6.0,2.75,2019-01-06,6,2022,8976.0,4114.0,4862.0,68373000,28499829.0
633,634,Mexico, White Chocolate Macadamia Nut ,1498,6.0,2.75,2019-01-06,6,2022,8988.0,4119.5,4868.5,129406736,5806224.0
634,635,France, White Chocolate Macadamia Nut ,1221,6.0,2.75,2018-01-10,10,2021,7326.0,3357.75,3968.25,68373000,6613086.0
635,636,France, White Chocolate Macadamia Nut ,2076,6.0,2.75,2018-01-10,10,2021,12456.0,5709.0,6747.0,68373000,6613086.0
636,637,Germany, White Chocolate Macadamia Nut ,1001,6.0,2.75,2019-01-08,8,2022,6006.0,2752.75,3253.25,84607016,30927803.0
637,638,Mexico, White Chocolate Macadamia Nut ,1333,6.0,2.75,2019-01-11,11,2022,7998.0,3665.75,4332.25,129406736,7132580.0
638,639,Canada, White Chocolate Macadamia Nut ,1262,6.0,2.75,2019-01-05,5,2022,7572.0,3470.5,4101.5,40528396,3745771.0
639,640,Canada, White Chocolate Macadamia Nut ,1135,6.0,2.75,2019-01-06,6,2022,6810.0,3121.25,3688.75,40528396,3862713.0
640,641,United States, White Chocolate Macadamia Nut ,547,6.0,2.75,2019-01-11,11,2022,3282.0,1504.25,1777.75,335893238,96175292.0
641,642,Canada, White Chocolate Macadamia Nut ,1582,6.0,2.75,2019-01-12,12,2022,9492.0,4350.5,5141.5,40528396,4411019.0
642,643,France, White Chocolate Macadamia Nut ,1659,6.0,2.75,2019-01-07,7,2022,9954.0,4562.25,5391.75,68373000,29596347.0
643,644,Mexico, White Chocolate Macadamia Nut ,609,6.0,2.75,2019-01-08,8,2022,3654.0,1674.75,1979.25,129406736,6881192.0
644,645,Germany, White Chocolate Macadamia Nut ,2087,6.0,2.75,2019-01-09,9,2022,12522.0,5739.25,6782.75,84607016,32080339.0
645,646,France, White Chocolate Macadamia Nut ,1976,6.0,2.75,2019-01-10,10,2022,11856.0,5434.0,6422.0,68373000,34005579.0
646,647,United States, White Chocolate Macadamia Nut ,1421,6.0,2.75,2018-01-12,12,2021,8526.0,3907.75,4618.25,335893238,47976346.0
647,648,United States, White Chocolate Macadamia Nut ,1372,6.0,2.75,2019-01-12,12,2022,8232.0,3773.0,4459.0,335893238,97300648.0
648,649,Germany, White Chocolate Macadamia Nut ,588,6.0,2.75,2018-01-12,12,2021,3528.0,1617.0,1911.0,84607016,5820646.0
649,650,Canada, White Chocolate Macadamia Nut ,598,6.0,2.75,2019-01-03,3,2022,3588.0,1644.5,1943.5,40528396,3276987.0
650,651,United States, White Chocolate Macadamia Nut ,2907,6.0,2.75,2019-01-06,6,2022,17442.0,7994.25,9447.75,335893238,83171871.0
651,652,Germany, White Chocolate Macadamia Nut ,2338,6.0,2.75,2019-01-06,6,2022,14028.0,6429.5,7598.5,84607016,26313049.0
652,653,France, White Chocolate Macadamia Nut ,386,6.0,2.75,2018-01-11,11,2021,2316.0,1061.5,1254.5,68373000,6774109.0
653,654,Mexico, White Chocolate Macadamia Nut ,635,6.0,2.75,2019-01-12,12,2022,3810.0,1746.25,2063.75,129406736,7152968.0
654,655,Mexico, White Chocolate Macadamia Nut ,245,6.0,2.75,2019-01-05,5,2022,1470.0,673.75,796.25,129406736,5776554.0
655,656,Canada, White Chocolate Macadamia Nut ,3793,6.0,2.75,2019-01-07,7,2022,22758.0,10430.75,12327.25,40528396,3931184.0
656,657,Germany, White Chocolate Macadamia Nut ,1307,6.0,2.75,2019-01-07,7,2022,7842.0,3594.25,4247.75,84607016,27877640.0
657,658,Canada, White Chocolate Macadamia Nut ,567,6.0,2.75,2019-01-09,9,2022,3402.0,1559.25,1842.75,40528396,4166438.0
658,659,Mexico, White Chocolate Macadamia Nut ,2110,6.0,2.75,2019-01-09,9,2022,12660.0,5802.5,6857.5,129406736,7071309.0
659,660,Canada, White Chocolate Macadamia Nut ,1269,6.0,2.75,2019-01-10,10,2022,7614.0,3489.75,4124.25,40528396,4240286.0
660,661,France, White Chocolate Macadamia Nut ,1967,6.0,2.75,2019-01-03,3,2022,11802.0,5409.25,6392.75,68373000,21910919.0
661,662,Mexico, White Chocolate Macadamia Nut ,2628,6.0,2.75,2019-01-04,4,2022,15768.0,7227.0,8541.0,129406736,5754230.0
662,663,Germany, White Chocolate Macadamia Nut ,681,6.0,2.75,2019-01-01,1,2022,4086.0,1872.75,2213.25,84607016,7014043.0
663,664,Germany, White Chocolate Macadamia Nut ,510,6.0,2.75,2019-01-04,4,2022,3060.0,1402.5,1657.5,84607016,20566111.0
664,665,United States, White Chocolate Macadamia Nut ,790,6.0,2.75,2019-01-05,5,2022,4740.0,2172.5,2567.5,335893238,80626043.0
665,666,France, White Chocolate Macadamia Nut ,639,6.0,2.75,2019-01-07,7,2022,3834.0,1757.25,2076.75,68373000,29596347.0
666,667,United States, White Chocolate Macadamia Nut ,1596,6.0,2.75,2019-01-09,9,2022,9576.0,4389.0,5187.0,335893238,92977806.0
667,668,United States, White Chocolate Macadamia Nut ,2294,6.0,2.75,2018-01-10,10,2021,13764.0,6308.5,7455.5,335893238,42585047.0
668,669,Germany, White Chocolate Macadamia Nut ,241,6.0,2.75,2019-01-10,10,2022,1446.0,662.75,783.25,84607016,33001628.0
669,670,Germany, White Chocolate Macadamia Nut ,2665,6.0,2.75,2019-01-11,11,2022,15990.0,7328.75,8661.25,84607016,35618058.0
670,671,Canada, White Chocolate Macadamia Nut ,1916,6.0,2.75,2018-01-12,12,2021,11496.0,5269.0,6227.0,40528396,1782171.0
671,672,France, White Chocolate Macadamia Nut ,853,6.0,2.75,2019-01-12,12,2022,5118.0,2345.75,2772.25,68373000,36484764.0
672,673,Canada, White Chocolate Macadamia Nut ,384,6.0,2.75,2019-01-01,1,2022,2304.0,1056.0,1248.0,40528396,1961723.0
673,674,Germany, White Chocolate Macadamia Nut ,472,6.0,2.75,2019-01-10,10,2022,2832.0,1298.0,1534.0,84607016,33001628.0
674,675,France, White Chocolate Macadamia Nut ,2805,6.0,2.75,2018-01-09,9,2021,16830.0,7713.75,9116.25,68373000,6379634.0
675,676,Mexico, White Chocolate Macadamia Nut ,655,6.0,2.75,2018-01-09,9,2021,3930.0,1801.25,2128.75,129406736,3411959.0
676,677,Mexico, White Chocolate Macadamia Nut ,344,6.0,2.75,2018-01-10,10,2021,2064.0,946.0,1118.0,129406736,3692414.0
677,678,Canada, White Chocolate Macadamia Nut ,1808,6.0,2.75,2019-01-11,11,2022,10848.0,4972.0,5876.0,40528396,4341788.0
678,679,Mexico, White Chocolate Macadamia Nut ,1395,6.0,2.75,2019-01-07,7,2022,8370.0,3836.25,4533.75,129406736,6012724.0
679,680,United States, White Chocolate Macadamia Nut ,986,6.0,2.75,2019-01-10,10,2022,5916.0,2711.5,3204.5,335893238,94783304.0
680,681,Mexico, White Chocolate Macadamia Nut ,905,6.0,2.75,2019-01-10,10,2022,5430.0,2488.75,2941.25,129406736,7115139.0
681,682,France, White Chocolate Macadamia Nut ,3997,6.0,2.75,2019-01-01,1,2022,23982.0,10991.75,12990.25,68373000,8709926.0
682,683,Canada, White Chocolate Macadamia Nut ,2632,6.0,2.75,2019-01-06,6,2022,15792.0,7238.0,8554.0,40528396,3862713.0
683,684,France, White Chocolate Macadamia Nut ,1190,6.0,2.75,2019-01-06,6,2022,7140.0,3272.5,3867.5,68373000,28499829.0
684,685,Mexico, White Chocolate Macadamia Nut ,604,6.0,2.75,2019-01-06,6,2022,3624.0,1661.0,1963.0,129406736,5806224.0
685,686,Germany, White Chocolate Macadamia Nut ,660,6.0,2.75,2018-01-09,9,2021,3960.0,1815.0,2145.0,84607016,3940516.0
686,687,Mexico, White Chocolate Macadamia Nut ,410,6.0,2.75,2019-01-10,10,2022,2460.0,1127.5,1332.5,129406736,7115139.0
687,688,Mexico, White Chocolate Macadamia Nut ,2605,6.0,2.75,2018-01-11,11,2021,15630.0,7163.75,8466.25,129406736,3853632.0
688,689,Germany, White Chocolate Macadamia Nut ,1013,6.0,2.75,2019-01-12,12,2022,6078.0,2785.75,3292.25,84607016,36403907.0
689,690,Mexico, White Chocolate Macadamia Nut ,1575,6.0,2.75,2019-01-02,2,2022,9450.0,4331.25,5118.75,129406736,5350028.0
690,691,United States, White Chocolate Macadamia Nut ,606,6.0,2.75,2019-01-04,4,2022,3636.0,1666.5,1969.5,335893238,79303178.0
691,692,United States, White Chocolate Macadamia Nut ,2460,6.0,2.75,2019-01-07,7,2022,14760.0,6765.0,7995.0,335893238,85970435.0
692,693,Canada, White Chocolate Macadamia Nut ,269,6.0,2.75,2018-01-10,10,2021,1614.0,739.75,874.25,40528396,1598807.0
693,694,Germany, White Chocolate Macadamia Nut ,2536,6.0,2.75,2018-01-11,11,2021,15216.0,6974.0,8242.0,84607016,4616602.0
694,695,Mexico, White Chocolate Macadamia Nut ,500,6.0,2.75,2019-01-03,3,2022,3000.0,1375.0,1625.0,129406736,5701804.0
695,696,France, White Chocolate Macadamia Nut ,2826,6.0,2.75,2019-01-05,5,2022,16956.0,7771.5,9184.5,68373000,27742592.0
696,697,France, White Chocolate Macadamia Nut ,663,6.0,2.75,2019-01-09,9,2022,3978.0,1823.25,2154.75,68373000,33367049.0
697,698,United States, White Chocolate Macadamia Nut ,2574,6.0,2.75,2018-01-11,11,2021,15444.0,7078.5,8365.5,335893238,45639685.0
698,699,United States, White Chocolate Macadamia Nut ,2438,6.0,2.75,2018-01-12,12,2021,14628.0,6704.5,7923.5,335893238,47976346.0
699,700,United States, White Chocolate Macadamia Nut ,914,6.0,2.75,2019-01-12,12,2022,5484.0,2513.5,2970.5,335893238,97300648.0
